reviewId,userName,userImage,content,score,thumbsUpCount,reviewCreatedVersion,at,replyContent,repliedAt,appVersion
4e25113b-df38-4a44-8a6f-1cb94ef0ce6f,Henni - Admin,https://play-lh.googleusercontent.com/a-/ALV-UjW45IESBretfQnWzmQcdZR3Or26WCouFxN6bf-avgr2XCk3KcQ,awalnya coba yg tulisan daftar di sini utk yg blm punya akun. berapa kali daftar pas verifikasi wajah gk bisa. ternyata di kasih tau kk spupu awalnya pilih aja masuk sebagai tamu. gausah login,4,2,2.2.1,2025-01-01 13:49:48,,,2.2.1
d5450ae1-372c-4a05-8273-0c9d457d8a0d,Ary Permata Hayatie,https://play-lh.googleusercontent.com/a-/ALV-UjUEu17c9glHv9pidPHBzTzXEdnckKaMkwvZ_Gx1kyhfStHiyJI,"1 januari 2025 mau daftar masuk ikn di apk ini tapi super sulit error wajah harus nunggu 12 jam hey saya mau perginya sekarang malah di suruh nungguin 12 jam gila, sediakan konter offline aja udah klw belum siap ver. Online",1,5,2.2.1,2025-01-01 02:54:45,,,2.2.1
24b872b4-0a2d-467b-8c7a-e54ca0d9dc86,Yoga Thahir,https://play-lh.googleusercontent.com/a/ACg8ocKECkWRk2fg-yrrAyY5Zub_NL0w4j8iws2Ytslac8sWWqT_nA=mo,"Sudah login namun ketika masukan no telepon selalu tidak bisa masuk, padahal sudah sesuai dengan instruksi kode negara (+62) tetap aja cara masukan salah",3,0,2.2.1,2025-01-08 03:44:11,,,2.2.1
1633a58f-c232-4116-bae7-eb070eaf8a5a,Kerina Masda,https://play-lh.googleusercontent.com/a-/ALV-UjWMGhWAwMJ8nfyRKvh_oXlrO-zqCnK-rSCkKbLVhLYouM1dhH-NhQ,"Tolong untuk verifikasi wajah diperbaiki, masa udah bener fotonya Masi aja salah dan harus nunggu 12 jam ! Tolong banget diperhatiin yang kek gini",1,1,2.2.1,2024-12-28 00:30:58,,,2.2.1
2bf57da4-d7e3-4a7b-a317-d268ec87a8c5,Defi Rahmawati Anggraeni,https://play-lh.googleusercontent.com/a-/ALV-UjVNlrcVZ05o-mrNCJUHupFv0y11XPucNEE4rStfy1evnhIjYWg,"sudah berulang kali daftar tapi tetap tidak berhasil dikarenakan terdeteksi menggunakan gambar palsu padahal real human dan sudah dicoba berbagai cara. teman saya sudah berhasil login tapi tidak bisa memesan tiket, bagaimana ya ini? terlalu banyak bug, sekelas OIKN masa begini sih. tolong dong perbaiki aplikasinyaaaaaaa",1,28,2.0.10,2024-11-16 00:16:35,,,2.0.10
20cf3fc8-77b2-4651-a8cc-4741bed20d3c,Romy Syahrial,https://play-lh.googleusercontent.com/a-/ALV-UjXCkqq-zrw87eb4RIIfKIvtOA9IkYAsNmTun_zHcH5M_DW13BOu,"Yg mau keliling IKN tetap instal aplikasi ini, nggk usah daftar tapi pilih ""Masuk sebagai tamu"", pilih Kunjungi Nusantara, pilih tanggalx, pilih jam yg tersedia, pilih registrasi, isi data yg diperlukan jumlah pengunjung (nama, email yg penting) nanti dikirim barcode k email perwakilan, terus tukarkan ke petugas Otorita di Rest Area IKN, nanti dikasih nomor antrian oleh petugas, tunggu nomor antrian dpanggil petugas, dan akan diantarkan dengan BUS ke dalam.",5,50,2.2.1,2025-01-08 03:23:58,,,2.2.1
474528f1-5506-4e9b-a3d7-34fc8273cef3,Denny Damara Official,https://play-lh.googleusercontent.com/a-/ALV-UjWRiuN1lKi5DRG-gZRMPmaP6HGxobmyDONtK5bcGAdmLMF3Hc6Y,"Bagus aplikasi, bisa untuk mengetahui lebih jauh informasi di daerah ikn, tapi tolong untuk ui nya di perhatikan lagi untuk di hp android, karna masih banyak detail¬≤ kecil yang harus diperbaiki di os android, seperti bagian status bar yang seharus nya mengikuti latar aplikasi nya, dan ikon fitur nya tolong diperhatikan lagi ya, dan untuk tambahan, kalau bisa bagian cuaca nya ketika di pilih langsung terlihat informasi yg lainnya juga, jadi gak hanya terlihat cuaca saja",5,29,2.0.1,2024-08-18 01:36:44,,,2.0.1
1af555cd-b98b-45d3-9333-2ab8df4f59db,Henry Prawira Mangiri,https://play-lh.googleusercontent.com/a/ACg8ocIOwofDi3AjCORuWBRCpQTYqpP_j-ZJiZD9nR-Nt4moA-O_Qg=mo,"Aplikasinya menyulitkan untuk registrasi akun. Pada saat bagian pengambilan foto selalu error, terdeteksi gambar palsu, padahal sudah selfie dan tidak memakai aksesoris, dan mengikuti ketentuan sesuai penjelasan. Mesti menunggu 12 jam lagi untuk bisa registrasi dan diulang dari awal. Mohon diperbaiki teknisnya. Aplikasi IKN harusnya jadi role model untuk aplikasi lainnya. Terima kasih",1,11,2.0.10,2024-10-17 16:45:36,,,2.0.10
9bc2944a-0090-4716-8058-ba201e86c68b,ubay arch,https://play-lh.googleusercontent.com/a-/ALV-UjXqyoE-b8dMSG1Nu2mQ-42iaPY0F0d_LJRy09spaFP8xsfyOMsD,"Bintang 1, supaya jadi perhatian Daftar susah, semua sudah benar, pas foto verifikasi katanya tanggal lahir salah, hadeuh, trus katanya muka gak sesuai, giliran sudah berhasil memesan tiketpun susah. Gak bisa di klik samsek u/tanggal yg belum penuh. . Tolong di ganti aja yg bikin aplikasinya,",1,18,2.0.10,2024-09-29 10:51:59,,,2.0.10
1b083b25-4e61-439f-a9d7-359fce293651,Gratcia Fernanda Anna Maria Rodricgues Kakambong,https://play-lh.googleusercontent.com/a-/ALV-UjUI3Hgz-EBF7nHNxD-B6T4zjdShMAnCTZuLHJMBTBNQpMuY-Lc,Lagi mau daftar malah kendala foto. Sudah di ulang gak bisa sampai harus menunggu 12 jam lagi. Mohon di perbaiki aplikasinya. Terima kasih.,1,1,2.2.1,2024-12-28 00:32:35,,,2.2.1
a2ab09f0-3ef1-4521-b397-569aa0c8d519,Indah N,https://play-lh.googleusercontent.com/a/ACg8ocJ_SWKZv5Bo6-RoeDdDEKOwZyzZ3PrGqk0tSnFLumjzF5geVQ=mo,"Sulit saat mau upload foto, kode OTP juga tidak langsung terkirim ke email",1,2,2.2.1,2024-12-27 06:06:06,,,2.2.1
0c0d6937-8560-47db-be9c-0a199d3a4327,Gerson Marthen Lumanauw,https://play-lh.googleusercontent.com/a/ACg8ocII_OHATJn5Ex1H6yo5V9lh4rcWQ-SCj-jUwKg6GbSIS4oOfA=mo,"Buruk banget pelayanannya, masa mau klik foto saja gagal, mau diulang kudu nunggu 12 jam, gila bener, mau bawa orang tua kesana ga bisa bisa, apakah layanan ini hanya dapat digunakan bagian travel saja. Kayak orang sulit ekonomi ga bisa ngeklik foto, kalau memang IKN ga bisa dinikmati tutup aja, ga penting",1,1,,2024-12-25 17:18:57,,,
9ae1c77b-76e7-4e89-8767-f96fc55f6dc3,I'm Yuuzu,https://play-lh.googleusercontent.com/a-/ALV-UjX9ccEnimb-AT_yLE241gZzY0G0XaeARYrgDbXZwFqzfdzHt90y,"Harus perbaikan lagi untuk aplikasinya, bukannya mempermudah malah mempersulit üôè untuk daftarnya ajj verifikasi email suka error, giliran bisa masuk pas foto error lagi mau sampai kapan?? Sebulan cuma mantengin ni aplikasi gak ada baik baiknya",1,8,2.0.7,2024-10-14 05:01:47,,,2.0.7
92837e00-90a8-43b6-8ba9-d1ec78ab1e1f,Lubis deni Herianto,https://play-lh.googleusercontent.com/a/ACg8ocLCNjT0HBy3EFDWreeEV3fbXP19g9PgYLQYpACE0FDjXsR4ccFS=mo,"tim programmer ikn belum ok,. registered masih sulit. sempurnakan dulu aplikasinya. jgn sampai masyarakat kesulitan mengaksesnya. mulai dari daftar,otp,sesi poto,dll . udah bagus baru silahkan launching ke RAKYAT ..",1,3,,2024-09-21 07:04:52,,,
836c938a-115e-44e7-801e-6244e000ac79,3my Highjun26,https://play-lh.googleusercontent.com/a/ACg8ocK0aX2wpvzZGIuDn92V7TA0pvBvYeHu_OlUGvQ8wD_rhxmVEA=mo,Mau dftr pas bagian foto wajah kenapa error 400 mulu. Trs ada keterangan terlalu banyak verifikasi tunggu 12 jam dan 3 hari dicoba padahal dah pake cahaya Illahi tetep ga bisa. Gimana ini aplikasi nya? Bisa manual ga sih dftrnya lgsg disana? Pusing,1,40,2.2.0,2024-12-23 01:58:16,,,2.2.0
6ead9f1e-eadc-42ca-840d-b800cd67bdfb,049_Alfin Bimantara,https://play-lh.googleusercontent.com/a/ACg8ocJW0YWOJK3kpKwgn3wGnqmpW2jyKVfPdRkCyJ3n-Hp6z9HGuA=mo,"Saya Hanya minta Tolong, saat verifikasi foto wajah itu selalu gagal dalam upload, padahal Jaringan saya Normal, sehingga tidak bisa masuk masuk ke dalam aplikasinya untuk mendaftar akun, Terima Kasih semoga lekas diperbaiki.",1,4,2.2.0,2024-12-19 13:54:25,,,2.2.0
e9a0c916-8955-482e-b21e-fbdc682eda62,Cak Mahfudz,https://play-lh.googleusercontent.com/a-/ALV-UjWbMzXjlhZEm4zXSvoUuVbUhl1TuX21LBqH9IXOL5_fWr0ajXl_,"Jika memang belum siap, jangan gunakan apk ini untuk verifikasi kunjungan ke IKN. Adanya sistem seharusnya bikin mudah, ini malah ribet. Baru daftar aja udah mengecewakan sekali saat upload foto",1,12,2.2.0,2024-12-22 01:51:55,,,2.2.0
3f62a00c-da1d-4854-b950-a18e9a08dd78,Vindy Ferlita sari,https://play-lh.googleusercontent.com/a-/ALV-UjXexvKeAQ_AyBP47pKwpvL-jcHwPrtD3YgXn3XqamY5NXWQEv_Q,"Tolong ya mind padahal sudah masukan email yg betul berkali' tapi tetap aja salah, mau ganti sandi yg lupa d suruh tulis email yg bener tapi tetap aja gagal. Tolong ya min jika tidak bisa menggunakan email sebaiknya pakai no handphone aja biar lebih enaküôè",1,0,2.0.10,2024-11-26 06:10:37,,,2.0.10
9e934dec-2fb7-4e41-a40c-79f49a26c265,ilham triadhi,https://play-lh.googleusercontent.com/a/ACg8ocJxqi8XFAY8GdAErGeKe7NFyBbz_ntipf1lwTtTLdDQg3R8rQ=mo,"Sering gagal saat scan muka, aplikasi bermasalah",1,0,2.2.1,2024-12-24 11:55:34,,,2.2.1
96a2d1a4-a98b-42ba-8ba2-2b8fd2966c64,Imron Rosyidi,https://play-lh.googleusercontent.com/a-/ALV-UjUuWLoQ5Wk3T9J5S2LoAX6ozVW5YtJUipi9uA_048hLBXuuS6R8,"Sekali daftar langsung oke ya, upload foto juga langsung sukses",5,0,2.2.1,2025-02-25 11:58:00,,,2.2.1
212bbf61-69bc-4d7d-8396-eec2a3c9e2d9,Trex Sana,https://play-lh.googleusercontent.com/a/ACg8ocKBxorI9Nak4THkxDOZd5ONtWYVhNjP2pwJ7r6hMVk1UZM8dA=mo,otp selalu gaga harus minta dikirim ulangl sistem verifikasi tidak jelas dasarnyaa apa ... tgl lahir ndk sesuai lah foto tidak bisa upload ... bahkan otp kirim ke email saja tidak ada penjelasannya ... minimal kalau tidak. bisabooking harusnyaa bisa liat tnggal mana yg oenuh atau tidak bukan yg sudh terbooking yg bisa di klik sisanyaa tidak bisa .. mhon untuk infornasi lebih jelas dan lengkapnyaa alangkah lebih baik kalau menyediaakan call center khusus visit ini atau kendala aplikasi,2,2,,2024-09-18 23:33:09,,,
5184c2c5-eefe-4ed6-b401-2af89d8b61d3,Yunita Fernanda,https://play-lh.googleusercontent.com/a-/ALV-UjXprNlzoYyY9InweRECBNWu2w-y-0TAzo28bmi2-8mhS8Hf_pgT,"Halah, daftar nya susah banget. Pake kode otp , tapi gak ada masuk masuk juga kode otp ke akun gmail. Tolong lah untuk pengiriman kode otp kasih alternatif lain , kirim kenmor tlpon kek , atau wa gitu",1,1,2.2.0,2024-12-14 02:12:08,,,2.2.0
c1c4b38f-574e-4097-b5d0-c02126acfc4f,Darwan Lias Nardo Sitepu,https://play-lh.googleusercontent.com/a-/ALV-UjVI3KZZFLYiA-jOYG5yh678_iD62cNeM88Vo1iUiDfQO9uVXCz3,"Malam Admin, Mohon dibantu update aplikaisnya kembali, kenapa pada saat mendaftar muncul Oops Error Something Wrong, sehingga tidak bisa menddaftar, Jika sudah bisa daftar dan login akan saya update kembali Terimakasih",1,16,2.0.6,2024-09-16 12:45:50,,,2.0.6
f1071dd6-2e63-484e-99b3-d7fad77bacae,Zemi Auliya,https://play-lh.googleusercontent.com/a-/ALV-UjWfB81eljHaRhaz534F7FSo2lZfjWSPrgBzVLX7dBFzFTeY-Lw,"Perbaiki dulu aplikasinya, mau daftar akun aja susah betul. Tampilan masih di menu register tapi kode OTP sudah ada KOCAK.",1,4,2.0.7,2024-09-22 04:42:25,,,2.0.7
282f96ad-1035-427d-a2a0-2e0dc2b3da0b,Klethung klethung,https://play-lh.googleusercontent.com/a/ACg8ocKWwY1TL-BQDIsOJPr0Q3P2rlWU9S5DM2jbvRp2Xdqz1PRRxg=mo,"Aplikasi paling buruk yang pernah ada. Susah masuk dan registrasi, Begitu sdh bs login..gak bs milih tgl kunjungan.Sangat menjengkelkan dan mengecewakan..langsung saya uninstall app gak guna ini",1,6,2.0.8,2024-09-26 14:56:05,,,2.0.8
c1792081-cd61-4a82-8ce5-ce99a753729c,dyah suryaningrum,https://play-lh.googleusercontent.com/a-/ALV-UjUUZesofr0_ohmBYBwjCEK2EEOOSpJXV4nbZ4qGeYnsbaVInXE,Mohon aplikasi di update. Setiap registrasi selalu error. Masuk kn kode OTP yg baru diterima by email selalu notif kadaluarsa. Dan lemot sekali aplikasi nya. Mksih admin. Supaya lebih baik ke depan.,1,36,2.0.6,2024-09-17 21:51:53,,,2.0.6
f4012d11-0d62-4105-a1cb-5eb9ea08e9c8,Wiwin Sagala,https://play-lh.googleusercontent.com/a/ACg8ocINAZK43-iSp8eD_8uCMxX5IYEQ7ef8NirgNyEhGEYYiSpYoUGW=mo,"Aplikasi ga jelas bikin emosi berkali kali coba untuk register tapi banyak kendalanya, OTP kadaluarsa lah, terjadi kesalahan lah, gagal saat proses verifikasi biometrik padahal tanggal lahir sesuai, trus maunya kekmanaaaaaa",1,17,2.0.6,2024-09-17 07:36:16,,,2.0.6
d8b0a537-8de2-4658-9733-22d52f36d67e,DDEEEOOPPUU VVGG,https://play-lh.googleusercontent.com/a-/ALV-UjUPjI3hfZlNEEx6McSQvlIOL1jS1vqvbvHDsEhrs2KJffs0wSKF,"Biometrik foto upload, sudah berulang kali gagal, apakah yakin kalian para IT IKNOW punya banyak wajah terbaru dan paling baru? fitu wajah nya memang bagus tapi ga seumur hidup wajah akan tetap sama. Lebih baik di kaji ulang deh, kecewa nih Apps nya, jangan ngurusin judol terus seperti IT sebelah",1,0,,2024-11-20 12:28:27,,,
7532da82-9b08-4d36-ba77-7b67f89e4c5f,Amakusa Shino,https://play-lh.googleusercontent.com/a-/ALV-UjWFEqkuo-q26T__t16jjSk6V1eBkaQxN1VzFR0KOQq9hQB5Hdk,"Bikin emosi aja, dah coba daftar berkali-kali ada aja masalahnya, mulai dari tulisan opss something wrong, otp kadaluarsa sampe bio metrik gk cocok lah. Ampun dah",1,8,2.0.6,2024-09-19 07:48:11,,,2.0.6
624d2fd8-f009-457f-8e86-8fde7132f1ef,Januar As'ari,https://play-lh.googleusercontent.com/a-/ALV-UjXf_gEvKCEARlzNl_oFZNi0hFXb7464SaB2oUvQxaeSlLE28_pv,"Mau klik tanggal untuk kunjungan ga bisa, yang bisa di klik cuma tanggal yang sudah terpesan penuh, sekalinya bisa pesan e tiket terbit, malah hilang pas update apps",1,5,2.0.10,2024-10-06 01:07:30,,,2.0.10
54a391a2-b614-4408-9489-0c10f0ddcda3,adhe septian,https://play-lh.googleusercontent.com/a-/ALV-UjWDICdJNXTUcUGW5-XEg-yTQvFxX62GNqtF8Dx3FwATT_jfoKI,"Berapa kali registrasi gak bisa2, semingguan nunggu, coba terus coba terus, mentok di otp kadaluwarsa,padahal cuma berapa detik ambil di Gmail, tap malah kadaluwarsa parah.. Tolong segera di benahi itu, ruwet..",1,1,,2024-09-24 06:33:39,,,
1b7ae514-a6c6-4492-8890-fb5389ee413d,Siti Fatimah,https://play-lh.googleusercontent.com/a/ACg8ocK3_-HaaPUOUwsDCnqS1KetIgKcCEIb1FdCstFjF8XTEZWiLg=mo,"Tidak bisa register, padahal data2 sdh benar semua, kata sandi jg sdh sesuai aturan, tp setiap klik register selalu ""terjadi kesalahan"" , kek manaaa",2,29,2.0.6,2024-09-16 11:26:42,,,2.0.6
5581ac5f-8bd4-427d-a72d-a150206c9794,Janar Trinarima,https://play-lh.googleusercontent.com/a-/ALV-UjXpQ3FVJRuonrztURGvDnN43ibGc3C4rxJCj0VPuHuGexZkdHeS,"Informatif aplikasinya, daftar mudah dan cepat Utk tertib memang perlu daftar dahulu. Bravo IKN, maju terus pantang mundur. Mudah2an pada saat kunjungan nanti tidak ada kendala.",5,7,2.0.10,2024-10-02 08:30:51,,,2.0.10
20165afb-3207-435e-8109-43da5ac3f879,Silvester Gabriel Rasi,https://play-lh.googleusercontent.com/a-/ALV-UjXN0VRqyrx9nMilQc3u-C7Tr8WC_9o62-1fqreOp7KsdbfZanRd,Aplikasinya makin hari bukan makin baik tp malah semakin error beranda kemarin bs di buka sekarang sdh gk bs di buka hanya kritik dan saran. Nah saran saja klo memang blm siap pakai aplikasi lebih baik jangan dulu drpd seperti ini,1,1,,2024-09-26 02:06:23,,,
c0450206-9660-47f8-ab48-d80eb7f7e455,Indra Siswono,https://play-lh.googleusercontent.com/a-/ALV-UjUOJzUXCk5oTEZLI6j7dk2I02r_ZUMQ9KHFShwjqdKLGbNeYL9z,Dari proses registrasi aj tidak berhasil¬≤ ini üò¥ Masukkan KODE OTP baru masuk emailnya ketika dimasukkan ke APP udah kadaluarsa saja kodenya üòÇ iki piye tooo pak de ???,1,8,2.0.6,2024-09-19 02:44:59,,,2.0.6
78c9389f-f142-48fa-bc86-befe67e20733,banu agency,https://play-lh.googleusercontent.com/a-/ALV-UjWHIxO0KqRVemJBhlOHXv9uRy2yyZ3Bb2j1Ur5T7sz3_TV8Q9qwmQ,"Tidak Bisa Daftar ""OTP kadaluwarsa"" sudah ulang sampai beberapa kali dan ganti email pendaftaran......GAGAL TERUS Pakai tombol perlu bantuan cuma balik ke pendaftaran ulangüòáüòá Admin Jangan CUEK Respone dan solusinya, Kalau Apk Mau Maju",3,6,2.0.6,2024-09-19 03:31:15,,,2.0.6
3cc38735-1038-4276-ba8d-613ac6e7a522,Pangsit Mie Ayam UMAMI,https://play-lh.googleusercontent.com/a-/ALV-UjXVOxPG656x2IQz6d8itf_C9FVoJwkCB8w8gAeEFtqcjMGjaoQ,Ngak bisa di buka tolong admin di upgred untuk segala merk hp dan versi.. Kami mau ke ikn ngak bisa masuk kalau belom terdaftar di iknow.. Apk. Saat ini di buka error,1,4,2.0.6,2024-09-19 10:58:26,,,2.0.6
cf4eba4c-b397-42cc-8054-d624927146ff,Rofiatul Rofiqoh,https://play-lh.googleusercontent.com/a/ACg8ocJWx9DqE6dPqmQqAZSnadGC9esQlHLyV4XSuaGrIm3uvTbH=mo,Aplikasi gak jelas. Mau daftar aja SUSAH !! Sudh sesuai arahan di apk tp gak bisa Register. Ganti aja yg buat in apk. Gak guna,1,1,2.0.10,2024-10-30 12:54:18,,,2.0.10
3842e598-e231-4e43-bdef-e561620790c0,ahyadi rohman,https://play-lh.googleusercontent.com/a/ACg8ocLTQkyZEVi7JHsKYrrOscpBf0PBQwBqbEh-YI4-S1r0C27PwQ=mo,Mau pilih tanggal nda bisa... Yg bisa diklik cuma tgl yg penuh... Boleh gak sih kesana . Lihat berita banyak yg berkunjung.. tapi di aplikasi nda bisa daftar...,1,3,2.0.10,2024-10-19 21:17:27,,,2.0.10
97964073-e812-48a3-ac92-a2e1f6f672f4,Abdur Rofi,https://play-lh.googleusercontent.com/a-/ALV-UjUhXaefUA2ayyFr0kw7VSaWpB2adHvIcRoAQ8sbzc3EW6uINSff,"Bagaimana sih aplikasinya kocak bnget udah upload wajah sesuai peraturannya, tapi malah gagal wkwkwkwkwkwkwkwkwkwkwkwk kocak",1,0,2.2.1,2024-12-27 05:37:59,,,2.2.1
59d91bf1-967d-4ffe-8812-bcace7dc753b,Fadhil,https://play-lh.googleusercontent.com/a-/ALV-UjXKhQUdEoqhmcXvOsxUmy1X2iBNq-zO4JT-r_Uj317wnePlB6Qi,"Tidak bisa upload foto, harus tunggu 12 jam. Tolong DIPERBAIKI!!!!",1,1,2.2.1,2024-12-30 05:19:26,,,2.2.1
a4c1d30f-4438-4789-bba5-9f8e726fde33,ACHMAD RIZKI RAFI'I,https://play-lh.googleusercontent.com/a/ACg8ocLcVWlJerqfHez16kfxW9jMRe2DDub-8fBiMFtL97U9f0f2dg=mo,"Mau Registrasi Bermasalah Terus, Akhirnya Bisa Registrasi Di Tengah Malam Ehh Pas Di Saat Pengambilan Foto Upload Malah Data Tidak Sesuai Apalah, Mohon Developer Secepatnya Dikembangkan!",3,6,2.0.6,2024-09-16 22:11:50,,,2.0.6
930df988-c4f3-46dc-99b1-25e602ead21d,Vayne Aurelius,https://play-lh.googleusercontent.com/a-/ALV-UjXXBGzK0R-qwgxxBT1yZUTsFHrwdajCH8no2rxiFuS3TCCEvcG2,Gak bisa daftar error 400 terus wajah tidak sama,1,0,2.2.1,2024-12-25 07:19:40,,,2.2.1
5b5c61c1-9939-4c97-b67f-f7e6f97ac4d6,Muhammad Ikram,https://play-lh.googleusercontent.com/a-/ALV-UjXIf_uVU4cmKgO0SjGdRf9qKG96CAX7_ynabhpvaQQ4gwmRBVQk,"Selalu saja aplikasi buatan pemerintah itu selalu bermasalah, yg buat pasti ANAK MAGANG! upload foto untuk verivikasi wajah selalu gagal kode:400",1,4,2.2.0,2024-12-16 22:51:36,,,2.2.0
0ada1e77-9ffc-4bbd-b526-f5434b553841,Fatia Rahmi,https://play-lh.googleusercontent.com/a/ACg8ocKcbRHszzeuMmEBAvsZxgDSjI6LWyzELMfMPgkBPTEYpDpaug=mo,"Maaf, saya kasih bintang satu dulu. Kalau aplikasinya sudah bagus dan ga ada errornya saat upload foto untuk daftarkan akun, saya kasih bintang 5 üôèüèª",1,1,2.2.0,2024-12-19 21:13:25,,,2.2.0
9f7310d0-9f96-44f7-b7a5-1b6c998648e9,JunJun,https://play-lh.googleusercontent.com/a-/ALV-UjX0wgyyZIm1XKWIN_NsbesqsMZtBp-ghy24WehWUF2T18CSXKV-,"Maaf bintang 1 dulu ya, klo udah berhasil saya tambah bintangnya, soalnya saya daftar gabisa karena salah input tanggal lahir, padahal sudah sesuai apa yang ada di KTP saya",1,1,2.0.10,2024-10-25 07:48:16,,,2.0.10
eb86d39c-e0a6-437b-9ab6-3564cdf6b839,Saeful Anwar,https://play-lh.googleusercontent.com/a/ACg8ocL9BXx1JnlNZHf6gn4ggd3i1PK2mZwijQbj6WZl4oc2-SN-jg=mo,"mau daftar aja susah banget anjerrr gagal di verivikasi wajah mulu, kebelet digital, klo aplikasi masih eror eror mah mending sediain daftar manual",1,0,2.2.0,2024-12-21 04:36:58,,,2.2.0
ddf46e54-185a-4558-934c-d243355f61c3,Dede Umar,https://play-lh.googleusercontent.com/a-/ALV-UjVuMRoG7rQh6g2JE2XDOAAsRbj9Af6f0yz9K4HUIWp4xWnRCYA,Sistem nya kebanyakan bermasalah loading nya lama otp nya lama biometrix nya lama... jadi wisata masa pemerintah yang apa¬≤ lama gara¬≤ uang oprasonal nya kebanyakan korup kali yaa....,2,3,2.0.6,2024-09-17 03:01:55,,,2.0.6
21635ee4-e2ad-48d9-98e7-0faed1246626,filza Karel ayman,https://play-lh.googleusercontent.com/a-/ALV-UjVBPtcJPgvksjvdjsPWoZPQBiR8tS5rVhfzA2MDBkg_pkE5DRkX,Perbaiki saat pengambilan foto selalu gagal,1,0,2.2.1,2024-12-27 03:18:34,,,2.2.1
d9b40afe-796b-40cb-9c10-225a628621ce,Syahdan,https://play-lh.googleusercontent.com/a-/ALV-UjVB6lj-vGS-_4Gx4rX60dbNscXFIfjPjmvKeWQElNYzhjZplKhF,"Aplikasi yg menurut saya belum siap, setiap kali mau daftar kunjungan selalu saja aplikasi eror dan tanggal pilihan tdk bisa di klik / dibuka",2,3,2.0.10,2024-10-25 04:45:58,,,2.0.10
2164987c-7c5a-4dc7-9ba2-b99bb32144ff,naufaldaani,https://play-lh.googleusercontent.com/a-/ALV-UjUwdt3_judViVIOvjyZRTCmnrqTlUsrhxIMnrlwWsgzCZPZJXzy,"Gak jelas ini aplikasi, make pajak juga pasti ini bikin aplikasi gak guna gini. Hadueh",1,0,2.2.1,2025-01-02 14:53:22,,,2.2.1
d6a56ed2-7cf9-4164-a07b-b242489ba739,Muhammad Yusuff,https://play-lh.googleusercontent.com/a-/ALV-UjWEW274O9L_Hzi1lkXxQuVPooSpBycqj3OaY-5ycqJEtvR7ZTPH,Butuh banyak pengembangan untuk apkny,1,1,2.2.1,2024-12-29 09:19:01,,,2.2.1
12451ca6-282d-4798-ab95-62598feabcbb,Chandra ‚ÄúBozChan‚Äù Gautama,https://play-lh.googleusercontent.com/a-/ALV-UjU4PE5U1orrbdj8e3fug9rHAX1rhiy30dI470PEiARAh77zFN9n,"Nda bisa registrasi, hanya bisa masuk sebagai tamu saja",2,0,2.2.1,2025-01-27 02:45:28,,,2.2.1
aefc580d-8d4c-4a6e-a73d-d1721684be3e,Bagoes Luhur,https://play-lh.googleusercontent.com/a/ACg8ocJTug1DBRjBIiLk5xdtAhPrWV3oek4XDIimSVQ52eBhczRuUg=mo,"Udaa 3 hari download apk ini tp masih blm bisa bikin akun, setiap ingin register auto kluar dr apk. Dapet kode otp, gak sampe 5 detik stlh dpt tp kode udaa kadaluwarsa, pdhl keterangan 3 menit. Apk nya masih gak jelas, gak mendukung, kasian masyarakat yg antusias ingin lihat IKN tp gak bisa apa lg yg dtg jauh"" dr sebrang pulau. Durung siap nanging dipekso siap, malah ngecewakke. Kecewa sekali saya.",1,4,2.0.6,2024-09-18 02:12:31,,,2.0.6
74cb28a2-d0d9-4d35-9e8e-4905818542d7,Putera Samudera,https://play-lh.googleusercontent.com/a-/ALV-UjWFDo4ZThaxjPzS3HOPpo4ftdllMTTi_tviv1PMSgrslMBy-sq4,"Gagal saat proses verifikasi biometric, tanggal lahir tidak sesuai, padahal semua data sudah lengkap, otp yg kedua selalu waktu habis/kadaluarsa,, padahal belum 1 menit.",1,3,2.0.6,2024-09-18 23:35:08,,,2.0.6
25f14278-25ab-4611-b7dc-985f5479c873,Mursyid Vijay Stories,https://play-lh.googleusercontent.com/a-/ALV-UjUOkxG9eWLKmcA9ah5NqkHB-QpOua0_pbIBkYbt2UpJdtCwm2w,Ko susah regiistrasinya ya gagal terus walau diulang2 sampe ganti perangkat jg tetap gak bisa Regiatrasi itu ... Ada yg bisa bantu cara registrasinya niar bisa masuk???,3,4,2.0.6,2024-09-16 12:50:40,,,2.0.6
24398118-c5d0-4a9b-99fe-42c750c3f733,abdullah bin,https://play-lh.googleusercontent.com/a/ACg8ocJ8aOG81tnxWprX4fCsGSc3S5sKOZ59ZQ9emmxWFZM4pP37BA=mo,"Mau daftar aja sulit eror sana sini, sudah kriteria apikasi pemerintahan. OTP email baru masuk diinput sudah kadaluarsa,",1,3,2.0.6,2024-09-19 03:13:58,,,2.0.6
f2e171e7-957c-4874-8513-f10409d4f99b,AdiK,https://play-lh.googleusercontent.com/a-/ALV-UjUMKQ3JZId25a1Sx7BZ1l242tPdunlgPkZskyurDyw7QqLz9eap,"Aplikasi yang bikin emosi. Gagal registrasi padahal sudah mengikuti prosedur, dapat kode OTP masih fresh tetapi gagal dgn informasi kode OTP kadaluarsa. Begitu OTP bisa, gagal saat upload foto selfie : disebutkan Anda terdeteksi menggunakan foto palsu, alamak jelas-jelas saya foto selfie tidak ada rekayasa. Diulang gagal lagi : disebutkan tgl lahir tidak cocok. Kacau.",1,1,2.0.7,2024-09-23 06:19:00,,,2.0.7
098dc233-e4d3-4c20-85d6-2e36af3ee89e,Ginanjar Rossi,https://play-lh.googleusercontent.com/a/ACg8ocJpkIoY6KUaxbQ2fQOtijeifT6i_W35R39HeLUO10qaA4jy2Q=mo,Aplikasi banyak Bug. Mau jalan lihat ikn - boleh apa tidak ? Itu saja intinya... Apa harus tajir dulu baru boleh lihat ikn ?,1,1,2.0.6,2024-09-23 05:17:00,,,2.0.6
9a987b70-bcd6-4470-8a09-5cc20c904feb,Rahman Hamid,https://play-lh.googleusercontent.com/a-/ALV-UjVvpXWVo3xN17gOKIHy9GpaPlHcCP-vkG_TxFX5b7Wtnm3yAyvH,"Ga bisa daftar waktu ambil foto mau aplot alasannya tgl lahir ga sesuai, ini gimana solusinya masak aplikasi buat kota sekelas ikn yg katanya smart siti kok jelek parah btul.",1,2,2.0.6,2024-09-20 18:45:34,,,2.0.6
fe8c4c13-bdb5-40bd-be06-cda642bce3b6,Dewi Piwie,https://play-lh.googleusercontent.com/a-/ALV-UjUpX4blCOYDIcPNBgOXliLGj5GdBoiVkS-fAzne0KKCVapynPBQ,"Mw register ga bisa2 mulu,,ganti gadget ga bisa jg..something went wrong katanya!macam blm siap aja aplikasinya,, macam mana mw register n jalan2 ke ikn?!",1,6,2.0.3,2024-09-16 00:01:36,,,2.0.3
d02a6bcb-9166-4e20-8c77-ef42a5e5f410,Abunawas Aladin,https://play-lh.googleusercontent.com/a-/ALV-UjXQH0t34Nu8LLYkASPkLwkJG43QFRxOTmySkQhpi4T0vZGX2xQ,"Gak bisa daftar, kode OTP selalu kadaluarsa. Giliran bisa kodenya, tgl lahir lg katanya gak sesuai. Auto uninstal",1,3,2.0.6,2024-09-19 09:01:33,,,2.0.6
3829e110-6061-4550-b592-d040dcd266f1,Sutarso,https://play-lh.googleusercontent.com/a-/ALV-UjUr8gjep5G0vPYmmCOcv3WmTv3KH9QX_1xA6CQ0diOKCvX4YAuL,"Aplikasi kurang bersahabat, dua kali install tapi setiap dibuka minta ditutup, akhir belum bisa menggunakannya.",2,1,2.0.10,2024-09-28 04:36:52,,,2.0.10
674cd4db-1e3f-4eb0-8ec0-5d67ded29e24,Slamet Junaidi,https://play-lh.googleusercontent.com/a/ACg8ocJQnsHw8AkfTsvwkwIPMexviQK5txxaCt7oc5hpEhbzXduKBQ=mo,"Sudah coba masuk berkali2 selalu error,dari luar kota saya ke ikn tp gara2 aplikasi ini tetap nga bisa2,kecewa sekali sm aplikasi ini",1,4,2.0.6,2024-09-17 01:33:36,,,2.0.6
69fdfc95-c7d7-40ad-9ba7-ecb329b28cf5,Ikiy,https://play-lh.googleusercontent.com/a-/ALV-UjVt-hV0UN1RJKSz5_Z7FmUmNixhshbEOXT7eaPMebD8VeCZ2oA7,"verifikasi biometric tidak sesuai : tanggal lahir tidak sesuai,, uda 8 kali coba tetep ga bisa, kenapa ya? padahal tgl lahir, bulan, tahun, udah sesuai kok.",1,2,2.0.6,2024-09-21 09:04:40,,,2.0.6
9bef52c3-e910-4d51-bc8a-e5d3155bb2cb,herry purwanto,https://play-lh.googleusercontent.com/a-/ALV-UjU-2UIntYtgf8ovXSbNQ7Tge2IFBwfLaKdTX_wKs5LPgci-KzU,"susah pilih tanggal kunjungan, padahal di awal bisa pilih bulan dan tahun kunjungan, ketika sdh pilih bulan dan tahun ada k3ndala saat pilih tanggal, suma di disabled, yg dibuka hanya tanggal H dan H+1.",1,0,,2024-10-18 01:46:03,,,
3f18fbd3-c44c-4640-98ab-d676fbd3e6ea,Syamil Alqassam,https://play-lh.googleusercontent.com/a-/ALV-UjU-4L1as6aAXwz0JGMRqhcHJWeyLhGogRVbf24wdiw3LWdTOY0o,Payah aplikasinya teman teman saja gak bisa buat akun error' terus. Setiap upload foto. Gak jelas banget,1,0,2.2.0,2024-12-10 10:15:18,,,2.2.0
78f713b9-eccc-4c7e-bcdc-71538155f42d,mak zhie,https://play-lh.googleusercontent.com/a-/ALV-UjUB5jSgN-o3G18ogAq90Z14iPI_SweWmXYK6cUqV4VFNUmFYjmh,"Verifikasi ngasih kode OTP ke email, sdh masukkan kode OTP, tapi kode OTP nya expired, sdh 2024 masa sekelas aplikasi gini kurangnya banyak, hadeh",1,2,,2024-09-18 14:55:21,,,
d8b02c6b-0000-4054-a5ce-3d85fc48f32d,Quality,https://play-lh.googleusercontent.com/a/ACg8ocLOEVQ9GSCxIxDxqagSwDIqt_KT3pIxo1xZ6PSXpu7KMSraZA=mo,Gak niat bikin aplikasi verifikasi eror 400 Mulu. KL gak sanggup buat aplikasi yg memadai mending pasang aja pos scurity di sana buat daftar manual,1,2,2.2.0,2024-12-10 02:25:19,,,2.2.0
76b258c3-5f26-4a3c-919d-9a5b0f584527,Rydd,https://play-lh.googleusercontent.com/a-/ALV-UjWEcF7_XePiHjVkB8ohvXvK9s-TMBrF1RGRrALZGdrCRGzEh7UI,"APLIKASI JELEK, MASA KITA MAU MENDAFTAR KAN AKUN MALAHAN GA BISA MASUK KE APLIKASI, KEBANYAKAN GA BISA MASUK DI BAGIAN VERIFIKASI WAJAH, MASA GAGAL TERUS TOLONG DI PERBAIKAN!!!!",1,1,2.2.0,2024-12-08 12:22:58,,,2.2.0
70e0711b-113e-400d-9656-61083a8a8235,Akhmad Riza,https://play-lh.googleusercontent.com/a-/ALV-UjWihJAh9U09w3h2BzPYOfh4zwMLGC5PXc2iBtiGNI8CHqTHDucP,"Tolong diperbaiki aplikasinya selalu gagal saat upload foto, gmna mau berkunjung kalau tidak bisa,daftar?",2,15,2.2.0,2024-12-21 04:18:53,,,2.2.0
01bf36f0-c894-4bdc-8c7d-5657cb6c171d,Fajri Rahmad,https://play-lh.googleusercontent.com/a-/ALV-UjWt2mktFupC2wl_PkqStqxMGXTpgfpgVunfVFDa8bY-eFoxWgo7,Aplikasi nya ngebug ketika mau foto wajah. Tolong di pebaikin admin,1,0,2.2.0,2024-12-23 00:09:06,,,2.2.0
17542aea-d14a-4044-9479-1bbcdca03e4b,Vanesa Debora,https://play-lh.googleusercontent.com/a-/ALV-UjXJGC0w6LTlYmnu8p-y7GVY2q7ahjnEmS83gCf9AhRb6UxL7m9s,apk nya eror ga bisa bisa verifikasi wajah kode otp nya juga lama di kirim,2,0,,2025-01-01 02:48:55,,,
7d680b47-83a6-4ca0-bcbd-aac575f3db03,yulia setiawati,https://play-lh.googleusercontent.com/a-/ALV-UjVlJKaMW5pmewSKThEJ49-QL22zzOIqrYP4gtg0jIYkJe2kxvQ,"Ngeliat ulasan kaget juga ternyata emang se error itu sekelas aplikasi pemerintah yg dananya gede, ga bisa register, ga bisa pilih tgl kunjungan, parahhhh",1,0,,2024-10-13 05:38:28,,,
b1c32509-064b-4073-a635-507f3a72f63a,Bunga Rofil,https://play-lh.googleusercontent.com/a/ACg8ocIFQ78M5wt_3w_on9SnOvONu7OZs9pSMvQ6oKQAik2csCn4HQ=mo,"Aplikasinya masih berkembang, sy senang sudah keliling ikn walaupun belum sempurna, saya dukung karya negeri ini",5,2,2.0.3,2024-09-15 08:11:57,,,2.0.3
48603abd-25fc-48c2-9eb9-1319a7e13d48,Hydra X2,https://play-lh.googleusercontent.com/a-/ALV-UjWBVt73iIcpH9wwLH2Zgdes7Som1srebw2m6fHQn5mQYrgkUdgf,"Sudah coba daftar 3 X tapi gagal terus.. notifikasi ""something Wrong"" selalu begitu , developer seperti belum siap buat aplikasi",1,5,2.0.3,2024-09-15 14:15:06,,,2.0.3
f1f1c393-834f-4733-bfe4-f16541c34f50,robert.sibarani Sibarani,https://play-lh.googleusercontent.com/a-/ALV-UjW7CMdcEl87pJQVgUiBzx9_yUxfg37-XJO9CFf0ofMaTSjC0YYrgw,"Sangat sangat buruk, error terus saat verifikasi wajah",1,0,2.2.0,2024-12-16 02:19:33,,,2.2.0
8b2c6886-c6cd-46a1-bf55-8bcd3ff447d6,Murti Handoyo,https://play-lh.googleusercontent.com/a-/ALV-UjUzCDH1m8_rtRkx1lo8YVKr30tRTs4mWoNMmccuaGqvTqHpYo8,Mau daftar di aplikasi ini kok gagal mulu ya? Saat klik register tiba-tiba ke halaman utama. Tolong diperbaiki,3,0,2.0.6,2024-09-17 00:47:24,,,2.0.6
14529726-be1a-4e5b-9ace-cfceedec0c41,Just Called,https://play-lh.googleusercontent.com/a-/ALV-UjVeStQSFSNuphYt-21fpqh6SI695we1PNX7oVJsZMqtGhIa8ucW,"Daftar susah, pasti begitu masuk aplikasinya masih belum sempurna. Hadeh.... Habis berapa M buat aplikasi ini.",1,5,2.0.3,2024-09-16 02:36:13,,,2.0.3
204a5500-5526-4400-ab47-0be7ba90ffed,Habib Muhammad Al Mahdi As Shiddiq,https://play-lh.googleusercontent.com/a-/ALV-UjXFqTGVaJWtp48dwKdEgc59cy1RBw8hzCgtsBthDJMDJ8xM4JJ3,"7 kali saya bikin akun tapi ada terkendala masalah, padahal jaringan sudah bagus, tapi tetap permasalahan",2,3,2.0.3,2024-09-16 08:37:59,,,2.0.3
8d5fa839-0e11-41f6-88a4-eedc403590e1,Erwin Halomoan Pakpahan,https://play-lh.googleusercontent.com/a-/ALV-UjUW4IQW0nvhzOyEw8c8A-s4BxWb_211x0zoL-aKjtwltg-znOI,"Mau kunjungan ke IKN pilih tanggalnya selalu penuh , pilih tanggal lainnya malah ada yang tidak bisa terpilih. Auto bintang 1.",1,0,2.0.10,2024-10-31 13:54:07,,,2.0.10
28eb6fc1-a564-4f55-937f-bf80a0036c3e,Harno Saputro,https://play-lh.googleusercontent.com/a-/ALV-UjWViWiNvwBrvPeIr7PSIDj3QfMnGTKCyco0GVnv1x989Q5JoT_7,"Register problem,kode Otp baru keluar tapi dimasukkan kadaluwarsa, padahal masih belum habis waktu nya",1,1,2.0.7,2024-09-24 13:37:42,,,2.0.7
22c36961-8fbc-4ecb-93b4-0468123cc922,ariezthy juniaz,https://play-lh.googleusercontent.com/a-/ALV-UjUxcYj6QBJWSvH-hnL3rbBAagdhXDrOX-PXPIWieNGPES33aJ8ILg,""" tanggal lahir tidak sesuai"" tolong d perbaiki lagi karna tidak bisa registrasi padahal semua sudah sesuai data KTP",1,1,2.0.7,2024-09-25 05:17:45,,,2.0.7
8e2fbf80-fc04-4bf3-a047-a621e58179e4,Aditya Wanda Refnaldy,https://play-lh.googleusercontent.com/a-/ALV-UjXoVftfxaotQdO_6ylpMywlakhjSgtdHzE6R5xXY7pxjzBd7kYV,Tolong perbaiki banyak masalah verifikasi tidak sesuai tanggal lahir lah ini upload gambar dan masalah verifikasi otp,1,1,2.0.7,2024-09-23 14:30:20,,,2.0.7
fdc48d67-fb64-47db-9ae2-6eda838c85c9,Surya Js,https://play-lh.googleusercontent.com/a/ACg8ocJ9qflgBp59FxrYPM8jqLaHBXXj9UEvdj6sq8fBA9CQhK9bmQ=mo,Mau daftar untuk kunjungan nusantara bagaimana caranya ya? Karena tanggal tidak bisa dipilih.. kalau tanggal nya masih putih apakah artinya masih ad slot kosong?,3,1,2.0.10,2024-10-11 05:05:17,,,2.0.10
56ca8e14-e709-43da-a435-8bf1d8e5b7c0,Anto Nugroho,https://play-lh.googleusercontent.com/a-/ALV-UjX3zGJp5jKWLuM18qTA1e2qt93Ot8E7q4nDXYSdCME2x8xIb4u_,"Banyak kali masalahnya, otp kadaluarsa, tanggal lahir gak sesuai biometrik, sistem bermasalah.",2,4,2.0.6,2024-09-21 19:52:31,,,2.0.6
d77403d6-1807-4838-bfd4-fab0f78dc8ca,PT Empat Serangkai Cipta Bersama,https://play-lh.googleusercontent.com/a/ACg8ocIRL_wV6OyglmfBQZ_gtGtRvI1qRCyo5dTagozaLg-RWVNz1w=mo,masih eror waktu register login.. terlalu banyak percobaan padanal baru sekali register,1,3,2.0.6,2024-09-17 16:37:16,,,2.0.6
0ca4ffc1-c87a-485e-9022-f20623e80988,Salsa Nabila,https://play-lh.googleusercontent.com/a/ACg8ocLE21e2UXJxgssJh3komlMmQb6Nat2fK5SdmegcrT0swlLFww=mo,"lelet bgt mau daftar aja susah, eror trus tulisanya, pakai hp yg lain pun ttp bgtu, gajelas yg buat aplikasi",1,0,2.0.10,2024-11-13 11:56:57,,,2.0.10
485cbe6b-4206-43b0-b8c7-a3deac769c1c,M. RIZALDO,https://play-lh.googleusercontent.com/a-/ALV-UjVbgSsgaepUkCaNLN0pMKZD_AZCrdC3U49nf1rRzjA10zaR5B6r,gk bisa di daftar sdh berapa kali foto tetap gagal di perbaiki dulu aplikasinya pak/bu,1,7,2.0.6,2024-09-17 04:29:49,,,2.0.6
301b41c3-cc60-4fe1-ad2a-a2a6c29bc19a,Oki Bagus,https://play-lh.googleusercontent.com/a/ACg8ocKOMCqFx0WXveveknZ3A-YcTCEFPeu1w_GeY0zI9ynQnA8Z=mo,"OTP KEDALURSA, bolak balik, padahal barusan langsung input...... OTP KEDALURSA.... hadehhh",2,3,2.0.6,2024-09-18 11:43:45,,,2.0.6
aa3944c2-75c0-4d74-938f-8584f3bdce62,yusmansyah,https://play-lh.googleusercontent.com/a/ACg8ocINfNBD_PmL5-wAfXv5ULvydWDKFCSdsRrZGGytlQNQBuPSJ-w=mo,Sangat susah registrasi Blm layak untuk di pergunakan Masih perlu banyak perbaikan,1,4,2.0.6,2024-09-16 10:29:41,,,2.0.6
99e0fbad-c9b8-4bd0-b442-cb0321e660ab,nanda diki pratama,https://play-lh.googleusercontent.com/a-/ALV-UjVBOm9cbthL0v035VvIpTv3pb_i5l90gOUXkyJcp1_lRHXCNro,Diluar ekspetasi masih susah utk regristrasi padahal data udh sesuai,1,2,2.0.6,2024-09-17 15:28:41,,,2.0.6
c835c143-66d4-410f-b24c-dc91637150db,Adhe sofyan,https://play-lh.googleusercontent.com/a-/ALV-UjWinCLfssuockV0ZJwaY_RWRWFrYIQ_TOqkAlwzYK08YL9VXbnF,"APPS YG SANGAT BAGUS DAN RESPONSIF, SANGAT MUDAH UNTUK REGISTRASI, TIDAK MUNGKIN SAMPAI HABIS DANA MILYARAN KAN BUAT APLIKASI SE CANGGIH INI...",1,2,2.0.6,2024-09-20 15:53:14,,,2.0.6
198ba1bb-5a8f-4edb-a922-51483f4e9197,Pak Badi,https://play-lh.googleusercontent.com/a-/ALV-UjUSQVWe0djKgcmlrMWXNfWSnuPMquNej1hvaACBJyiv2pH4rwmJ,"Susah masuknya, verifikasi wajah kaya pinjol,berulang ulang juga ngga bisa",1,0,,2024-10-03 13:10:07,,,
e8d58b1f-e422-44ae-acc6-70554cfd6746,Asharaya qiana Mumtazah,https://play-lh.googleusercontent.com/a/ACg8ocJvR1kdnshsI3u6yfmTR6akFoY04DWG2BYXZGItaDTgPWs9aA=mo,Aplikasi gatellll baru masukan otp blm ada 30 detik udah kadaluarsa,1,3,2.0.6,2024-09-19 12:49:43,,,2.0.6
adcaa84f-faa8-4f2c-9457-b8ccf4f3ad17,Noviean Syamsudin,https://play-lh.googleusercontent.com/a/ACg8ocJeaVxSNYFbQuQG3ou2sxX1qZ3jJOv8MOOE2tory7D_AH6DUw=mo,"Tidak bisa mendaftar untuk kunjungan,padahal sudah berapa kali di klik tanggal nya",3,1,2.0.10,2024-10-25 02:45:13,,,2.0.10
484bc4ee-acf5-48fc-ac2e-065cadb2173a,Meyz official 2,https://play-lh.googleusercontent.com/a-/ALV-UjUXlPkcESCYfbMb1ISVW_u4T1XLAt3lbRgz-1TcGuMFPEG6cwA,Mau klik tanggal gak bisa bisa yg di tandain tanggalnya pasti penuh yerus jadwalnya kayak apa mau daftar.di bunguli,1,1,2.0.10,2024-10-13 00:12:24,,,2.0.10
4e9ff21f-c577-4b6a-bf41-edd289810c20,Trisa Sanda,https://play-lh.googleusercontent.com/a/ACg8ocJfFwOcmgzowdKEODpS-R3cy__54sFJTzYgueA9xmhcjvQJjg=mo,"Payah aplikasi nya mau daftar selalu gagal di otp or biometrik tanggal lahir salah, masa tgl lahir sendiri salah ga masuk akal biar udh bener masukin nya ttp aja salah hadeh",1,3,2.0.6,2024-09-17 06:46:03,,,2.0.6
f0e7bd3e-f569-4978-8403-e1ecf3202bbb,Shella Maulida,https://play-lh.googleusercontent.com/a-/ALV-UjU7Dj3_x1JibtNnyUU4H2eE0SqQt2FpMKu6Pa4irfGzmtuzcNk,"Gak bsa daftar, terjadi kesalahan sistem terus",1,3,2.0.6,2024-09-17 03:39:31,,,2.0.6
7aa2c0ac-49f6-492e-8ee6-1fcbb8f2c8c9,Achmad Davidd,https://play-lh.googleusercontent.com/a-/ALV-UjUJRvY3kbLydh_iXM71_JPundsdKhj6vtWYaXCE3TQEsxKk1rBX,Kenapa kode OTP nya kadaluwarsa mulu yaa?? Padahal kode OTP baru dikirim lewat email???,2,2,2.0.3,2024-09-17 13:51:50,,,2.0.3
a9cd2b83-deb2-4183-9ff5-51e4e64508bc,Gusti Rusliansyah,https://play-lh.googleusercontent.com/a-/ALV-UjU1Uq5-m8clmjuagaWm9s2OrrwGxFT3UsCC20b67AUc___bDRY,OTP kedaluwarsa atau Tanggal Lahir tidak sesuai biometri...... wkwkwkwk Aplikasi murah...,1,1,2.0.6,2024-09-22 15:24:42,,,2.0.6
a8e30b22-d2c4-46a0-b562-ac470c65db14,Muhammad Zakariya,https://play-lh.googleusercontent.com/a/ACg8ocJ1ubFHcqmizOc_DdxSG1QWKYhmeM80hfom5MZ5aJjNfiK3dg=mo,Sampah.. data sudah sesuai semua malah dibilang tanggal lahir tidak sesuai..,1,3,2.0.10,2024-10-05 00:35:17,,,2.0.10
17674b98-3853-44cf-8c8d-9e157e646a95,Wino Wardhana,https://play-lh.googleusercontent.com/a/ACg8ocJyD7yAf28y2HhHuo499QNg-6jkZeAtu-Mn2-fhsXveVp0vYA=mo,"Luar biasa, Indonesia Maju",5,0,2.2.1,2025-02-05 16:13:07,,,2.2.1
0a96c29f-4c3a-4d86-9898-90f270c3fd37,Sapto Zumaru,https://play-lh.googleusercontent.com/a/ACg8ocKjSXZhJSPQllb2gSxQ9l1zbJ7xKC9tihUjmnmdR9cP2Av-iQ=mo,Pas upload foto selalu gagal Mana eror terus Katanya mau jadi kota maju tapi awalnya aja dah kek gini,1,0,2.2.0,2024-12-23 23:50:47,,,2.2.0
abef55df-c406-4fbd-918b-7a2734eedf88,Afriza Siva rianto,https://play-lh.googleusercontent.com/a-/ALV-UjWxaJxFjXT4XVvgt1nJMKBJf5i9Ij33iLiJX_VE2ncZir6oKoQ,memudahkan untuk berkunjung.trmkasihüôè,5,0,2.2.1,2025-04-02 07:14:32,,,2.2.1
516b3774-82dc-42ee-a530-5699f4faf390,Muhammad Amad,https://play-lh.googleusercontent.com/a/ACg8ocKWsIhClY-vQ2uevoyT3FluJ_F0Gcs8h3sBZ7LEw8Pyscum9A=mo,ga mau d klik tglnya,3,0,2.2.1,2025-04-07 13:09:02,,,2.2.1
f41c6e7b-0ee4-4460-971d-f0c6beea927a,DarunNaja Djupri,https://play-lh.googleusercontent.com/a-/ALV-UjV5sFsHkb3V_e22IvlJaukAQiJNCGhpni6SGSl9_dlYB6RDYbs,"Bulan Januari gagal ke IKN karena datangnya sudah kesorean,nanti di ulang lagi",5,0,2.2.1,2025-02-06 00:00:44,,,2.2.1
68c7a1a9-24d9-48c3-81a8-8cc6939434a3,Zainal Arifin,https://play-lh.googleusercontent.com/a-/ALV-UjXPXhTSaCMs890F4lqALFJVK27zfJGSii-SZOjhxWR718gGVz-9,Tolong di bagusin lagi app nya gak bisa upload foto verifikasi wajah,1,2,2.0.6,2024-09-21 02:09:12,,,2.0.6
4f977b77-3148-449f-a24d-f7b7aaa67e17,Rivaldo Jullian,https://play-lh.googleusercontent.com/a/ACg8ocJYKkv0LiQtXquPJDzIDzdSOhwL6kLtHCsk5yDAtHX9oUbdtoU=mo,Perlu ditinjau lagi vendor yg handle back end nya iniüôè,1,0,2.2.1,2025-01-04 08:45:08,,,2.2.1
42e71a25-f69b-48db-800b-7f3189923833,Fuad S.M.,https://play-lh.googleusercontent.com/a-/ALV-UjX3YNaP5HfEzYUERSs0gKz4Ax8b-tzYTG0TFnee0QlMHS23nSox,Aplikasi awal rilis yang lumayan bagus tapi masih butuh pengembangan lagi,5,0,,2024-09-19 23:02:11,,,
3887bd6a-c985-4642-aeee-39c9ed3237cb,Iki,https://play-lh.googleusercontent.com/a-/ALV-UjVQs4FA9nMiCY4pRlKYxkJhdEAey4MFQZm7PriCDpAbFggJ57mw,OTP belum 3 menit dan detik masih berjalan sudah kadaluarsa,1,1,2.0.7,2024-09-23 08:11:02,,,2.0.7
44efea2c-1442-45c9-b760-dc3e4c772377,Ikhsan Suniba,https://play-lh.googleusercontent.com/a-/ALV-UjW6Vp98liH305kAx959RfPjE9rfbXCTWVvlFNp1kuZeX9PI1Axbfw,"Saya orang dekat IKN nggak bisa masuk, harus pakai aplikasi ini segala yang bermasalah di register akunnya. Coba tinggalkan KTP saja atau isi buku tamu buat berkunjung ke IKN",1,2,2.0.6,2024-09-18 10:13:32,,,2.0.6
86b35226-bf77-488a-a15d-888111c98f08,iloisme,https://play-lh.googleusercontent.com/a-/ALV-UjXLueRpoAsc68G-wq3L9f3LSIvegHTLh-5Pms2qiubfziLZ7QAE,Pas mau daftar OTP kadaluarsa padahal baru minta otp 5 detik wkwkwk aplikasi busuk,1,3,2.0.6,2024-09-18 15:51:26,,,2.0.6
c30c94a8-b1ec-423d-ad49-69638e9372c0,Ngetrip Asik,https://play-lh.googleusercontent.com/a-/ALV-UjXspZ167Ududi7OxQZrBdeU4Uvcv9cUlxyQWtTF6LfgQG-gHNQ-,Tidak bisa registrasi,1,0,2.2.1,2025-01-06 00:15:11,,,2.2.1
db3f5e6d-fc96-4900-8a69-ee0011658f09,Baiq Riza Yurlaili,https://play-lh.googleusercontent.com/a-/ALV-UjXVUmGpdrpuX44O-Rj_T2MANriPbWqNc8m994483UoN6_7P17Y,Aplikasi busuk... Register aja sulit..,1,0,2.2.1,2025-01-26 08:36:45,,,2.2.1
9d4076cf-a20e-4c2c-8703-3dd307bad0a8,Aminudin ibrohim,https://play-lh.googleusercontent.com/a-/ALV-UjVuazCdj_uEq4DYRRmftqQinIGBeHaLfbD0EpnLNFcSkSMad7o,Sangat bagus IKN Indonesia,5,0,2.2.1,2025-01-05 14:16:19,,,2.2.1
2d393920-a4f5-4e96-a6d4-3d1419af9d3e,Yesika Putri,https://play-lh.googleusercontent.com/a/ACg8ocJoMn6qHtoRvvppV5QKvZZmSfwfv6IVoWYPNHMiI6NilYiG0Q=mo,Thanks petugas kunjungan,5,0,2.2.1,2025-02-15 07:14:58,,,2.2.1
e8f3ec8f-90f1-4b0e-ac48-657a240292fc,Dina Adesthy Njoo,https://play-lh.googleusercontent.com/a-/ALV-UjUJze77JsgzvQvxtp3yaVIKNdtj8MYltWSqFzfwsQo4FfCsdjU,cukup mudah operasinya. ditunggu aksi nyata perwujudan IKN.,5,0,2.2.1,2025-04-06 05:55:28,,,2.2.1
db505b55-ab27-4537-a655-48aac0d903d9,Ringga Gb16,https://play-lh.googleusercontent.com/a-/ALV-UjWXKT_lJ5RZ5JiqflzSNXcuN6Lrp9oeF0UqGKVJwZcxZPwf__if,Setiap registrasi otp selalu kedaluarsa padahal beberapa detik baru diterima,1,1,2.0.6,2024-09-20 23:04:19,,,2.0.6
e6dda1a8-569d-472c-a1e0-b6de6918b47b,Gunawan Gun,https://play-lh.googleusercontent.com/a-/ALV-UjXASvLsVBo7iz4J7VAWmsR5EIn2yA8wcHCwIuMC35Je-5nJZK8-,Sudah ada perbaikan dan sudah gampang registrasi nya,5,4,2.0.10,2024-10-04 07:21:35,,,2.0.10
9583e024-6cde-4fb6-a5f6-9912c8b3ef4a,Nisa Khaerati,https://play-lh.googleusercontent.com/a-/ALV-UjXSbtMocj0vM9JTUjz4j7cY5q1d5_RWgTuvtXQoXcAiFPs_Gdo,Gabisa daftar. Kok aplikasi nya kek gini yaa.. uangnya di kemanain,1,3,2.0.6,2024-09-18 09:49:49,,,2.0.6
05840d7b-ff71-47a3-b487-2ce6abec7eed,Muhammad Al Fatih,https://play-lh.googleusercontent.com/a-/ALV-UjWLnECpM2ks-L2V_i1bQjoiNn3TymufNSIZULoqIx4xsAz9jJp8,mantap. smg tdk ditarik biaya sampai kapanpun. dan tetap konsisten penggunaan transportasi publik yg disediakan pd saat masuk di kawasan IKN.,5,16,2.0.3,2024-09-13 03:08:24,,,2.0.3
d26f1409-568f-4792-9527-fc218385832f,Reza R,https://play-lh.googleusercontent.com/a-/ALV-UjWZI7BH7g4WMOK-0vuo6f0__usUIFs3T2GM6hgfQQ_JxeQibnAl,Saat registrasi sering force close. Pembuatan password juga ribet,1,8,2.0.3,2024-09-15 01:54:07,,,2.0.3
2bc6927a-8138-4910-a2b4-c94f23e5b69c,Zen Lacoste,https://play-lh.googleusercontent.com/a-/ALV-UjUERhmIByj8digYguEYuHlfMqpBSWUnmrWsdYc4-SZwKNUwfqre,aplikasi unfaedah Mnghbiskn kuota tp GAK bisa terAcc registrasi nya.,1,2,2.0.6,2024-09-19 06:06:54,,,2.0.6
9cbdce15-42c4-4c28-8e36-c737697f2898,Metty Qhasanah,https://play-lh.googleusercontent.com/a-/ALV-UjW24JD7WX8OFnrR8kCU6nW461MMyAFAwG1ffiBpiRZIsQ7Rtuk,Sangat membantu... hanya perlu peningkatan kualitas supaya lebih baik lagi. ü•∞,5,1,2.0.6,2024-09-17 06:51:52,,,2.0.6
ee9a4718-d7ea-4ab3-a76d-cba422653bf1,adji bayu,https://play-lh.googleusercontent.com/a-/ALV-UjUObDgRLvF1_vJ-mI0V-LfbmJCewFZrRa4PcdHBVIqTvNDMz_8,Aplikasi lelet. Masih ngebug. Mau register aja GK bisa,2,6,2.0.3,2024-09-16 01:58:50,,,2.0.3
695bb317-9532-4dc4-9ee1-9c6608bdac02,Antar Sembakoid,https://play-lh.googleusercontent.com/a/ACg8ocL89YoclEpRdRrb_mQ2c9sZ_Et4XMfR_SXOdWXCegcL7AnCEg=mo,Aplimasinya masih banyak Bug gabisa daftar akun,1,5,2.0.3,2024-09-16 01:06:55,,,2.0.3
39b01584-5e4d-4a37-9cbe-b65ccdd6ee32,abdan syakur,https://play-lh.googleusercontent.com/a-/ALV-UjXCwp_s0plP0rsbuwnI8vmaXG7Bb5d0G4-aV0Pprh36Uu3gNnk,cepat prosesnya,5,0,2.2.1,2025-01-14 11:45:32,,,2.2.1
ec7ddb9c-782d-4338-88b6-147daaa8303a,putu dyah,https://play-lh.googleusercontent.com/a-/ALV-UjWOeGtba8vLJLHYl8hiBkVJnKSwwFBTEepHcnzEt26RdQMbyeizmw,"Diminta tunggu 12 jam karena terlalu banyak upload foto, padahal baru satu kali foto",1,1,,2024-12-18 05:03:32,,,
877727e8-1e80-4cf4-becf-999c59bbcc44,Mudassir,https://play-lh.googleusercontent.com/a-/ALV-UjX0ESxcPURyus9ZOHzHu70en-Rp6wtbjjGYfi9UsFPCIC81TRSC,Erorr trus ngk hebat aplikasi nya,1,0,2.2.1,2024-12-31 10:21:38,,,2.2.1
e3d4d5de-de37-405b-bd98-d07ae0d86f00,Rizkiyanti AS,https://play-lh.googleusercontent.com/a-/ALV-UjW9nlaNZLa3E1yJk5xLbphP2MK1Ok1JGkRCcd-Kt0BRgI-W0Qmn0A,Mau daftar gagal terus verifikasi wajah katanya terlalu byk foto pdhl bari sekali,1,1,2.2.0,2024-12-20 17:55:55,,,2.2.0
214b6e60-ca77-43bc-b639-b3465e88123d,Hendrik,https://play-lh.googleusercontent.com/a-/ALV-UjUhLzPgr5MPhzP25h78Lkr-oblrr2x0lSsVMkTToaR_M8H-qTc,"susah registrasi nya, gagal terus..",2,2,2.0.6,2024-09-18 02:22:07,,,2.0.6
d677fd1e-80a8-4835-9f07-ae179c67398d,Yono Purwono,https://play-lh.googleusercontent.com/a-/ALV-UjWqGEuN3xw2MtDHARM6BlFACjqp8TWP5Y_NyRVEOPsHN2g5T2s,perkembangannya mulai bagus. layananya terpadu,5,1,2.0.6,2024-09-18 03:30:25,,,2.0.6
fb5e3a85-37de-4cab-b103-c50b15375804,Akun game Cimoers,https://play-lh.googleusercontent.com/a/ACg8ocLCR0qzdXyj6Hm8HZtFaT3I1bpuluKOFm-s-cGpuPIrYbazhA=mo,"Gak bisa registrasi, otp kadaluwarsa terus",1,2,2.0.6,2024-09-19 11:13:09,,,2.0.6
e8a6d076-e593-4286-bcaf-878df7e759fb,ida bagus putu artjana,https://play-lh.googleusercontent.com/a-/ALV-UjWEnpQLcgrJyaNZk8rMf4i-ntl0bjKm85S8qTcnupsbGCldZpQgIQ,Tingkatkan lagi yg lebih berguna bukan asal aplikasi aja buat jauh lebih mantap,5,0,2.0.10,2024-09-28 22:55:11,,,2.0.10
7c9ce5cf-88fd-4292-8d4a-c104b675eb75,Ferdianur Ramadhan,https://play-lh.googleusercontent.com/a-/ALV-UjVf4Az_w4ViOCqzE5FL6JONcBz4SH-Gbf47IvaqUhh8qIEx0Lw,"mau daftar, tapi selalu bermasalah di OTP..",1,1,2.0.7,2024-09-25 00:06:39,,,2.0.7
14f9bd0d-b248-40bb-9b05-0af9ff40ecc6,Squileam,https://play-lh.googleusercontent.com/a-/ALV-UjVsa3mGTHBupw8adifQ0LEiRKxomHbYtpkBbmBdyy8Cs_oKqQk4,Gak bisa registrasi aplikasinya error,2,4,2.0.6,2024-09-16 04:00:22,,,2.0.6
62e668e3-1e17-455c-859a-3dfe244ec676,Akbar Prisria Bin Suhirwan.,https://play-lh.googleusercontent.com/a-/ALV-UjUMfulsRm74d0Ndb4JUBkavSv_yXdd7H50uu1YfxstmMb-PRo6c,"Keamanan Terlalu Ketat Jadi Tidak Cocok Buat Keluarga Besar..üôèüôè. Mohon di Perbaikin Lagi Teknologi Keamanan-nya,Min..üôèüôè. Jadi Harap di Maklumin Saja,Semua-nya..üôèüôè.",2,2,2.0.6,2024-11-17 05:40:19,,,2.0.6
3783475f-8caa-4eaa-8acf-71b36be7988e,ridhakambing_,https://play-lh.googleusercontent.com/a-/ALV-UjXWjHXAoDhLN4D1rIMCMvuY1OhvAjUEj2o-uPC15r-SWXDU7XFZ,Susah banget verifikasi wajah. Emang mau wajah yg bagaimana yg di tampilkan.,1,0,2.0.10,2024-10-12 13:58:28,,,2.0.10
85dbad8b-a042-4b62-990b-fa89db295328,Maryounah Sp,https://play-lh.googleusercontent.com/a-/ALV-UjVYDQf_yrJHIgpyZK7MlewH6o8sFTycEq3ovn8PgTT4dQFFsPc,update lagi mau daftar tp gagal trs.,2,2,2.0.6,2024-09-19 01:33:23,,,2.0.6
8dc5e031-6d7f-425d-9b9b-0f2cd2489316,Adamin Siregar,https://play-lh.googleusercontent.com/a-/ALV-UjUQD4o6IosKlV8EvJ8XXxK1vd0TrrUcRAWLf8jMChFGpvgiQzbv,Minta terus di-update aplikasinya. Simpan foto profilnya blm bisa,3,4,2.0.3,2024-09-14 07:06:31,,,2.0.3
bf87cb4f-e8ea-464e-b44c-c8ed4a93e6a9,Mazi Addzy,https://play-lh.googleusercontent.com/a-/ALV-UjW92iDVQAxlADelvAwP-P547nTjBMSUWmyrCbEYT6f_djKMJaOi,"Semangat terus Indonesia, menjadi Nusantara yang lebih baik dan terbaik",5,0,2.0.10,2024-10-02 14:32:03,,,2.0.10
fe293a45-eeba-4fbc-99bc-3ba7066f2d2c,Endang Sriwahyuni,https://play-lh.googleusercontent.com/a-/ALV-UjXg-jFJbPRX5RhHgMUMVaU3fmBeivwmAr_kpM4527-8zAshcDUPBQ,"Kurang informasi ttg bagaimana masuk area kantor pemerintahan, padahal sdh jauh2 kesana...zonk dehüò©üò´",5,0,2.0.6,2024-09-16 03:56:42,,,2.0.6
efbee113-0958-4660-a28f-738b1d122115,arif wibowo,https://play-lh.googleusercontent.com/a-/ALV-UjXrZ_CxhfXiN_aumJqCrUMBL_Epmd0WsLvsls3BIIjkvFHJKblA,Setelah registrasi berhasil. Kok saya ga bisa login ya min?,2,4,2.0.3,2024-09-15 13:02:40,,,2.0.3
52a529bc-13b5-4211-9409-643285b80a90,LEONARDO ‚ÄúTHE LEONARDO‚Äù -_-,https://play-lh.googleusercontent.com/a-/ALV-UjUVMGtjbixb_wKVsYZDvNYZ660iKZMIgp_yQOWlS768AkQv-UwC,"Meresahkan aplikasinya, kwalitas respon servernya ampas",1,0,2.0.10,2024-11-07 12:35:32,,,2.0.10
326f3b16-9e19-48ff-b302-03695f1ce3cd,Rafiq Maliki,https://play-lh.googleusercontent.com/a/ACg8ocIXcVCWduqzQmdYCw5ECP4zZRXLmiBMfvwmcq1neMI3rIvmIQ=mo,Aplikasinya bikin naik darah. Tolong di perbaiki lagi,1,1,2.0.7,2024-09-25 07:29:42,,,2.0.7
aaaf9641-3445-48dd-9380-5d92d1e739ec,Fitriani SH,https://play-lh.googleusercontent.com/a-/ALV-UjWC9_DA9Wz5EvkIinJQcRluoUcvWZQZNgZ6tL6iTa2X81sH9wCy,"Aku kasih bintang 4 karena sudah mau kode otp nya,, nanti kalau sudah full mau kukasih bintang 5,,",4,0,2.0.10,2024-10-03 12:41:46,,,2.0.10
8010303d-18bc-482b-b352-03f85c0c6f65,Indah Wulan Sari,https://play-lh.googleusercontent.com/a-/ALV-UjXy3Sm0ydI9m3Tgs8V-qleGaAbPUaFBR87jOUtfJmNqGGcAOLh1,"Verivikasi OTP gagal terus Min, mohon bantuannya ya.",3,1,2.0.6,2024-09-19 01:37:53,,,2.0.6
49675cfb-6695-4297-91b1-96ee723a7910,joko tole,https://play-lh.googleusercontent.com/a-/ALV-UjUx3_Qi5Z-5Llqn0GF6g3rE-9nYYqa36C9HPTh16NkAnbdwz5c,"apk taik, verifikasi wajah tdk sesuai biometrik ndasmu, apk taik developnya kurang dana kayaknya makanya dibikin susah",1,0,2.0.10,2024-11-29 01:10:21,,,2.0.10
ebdec1d6-7aae-4239-b377-bf14cfa9f0e2,Lucky Boy,https://play-lh.googleusercontent.com/a-/ALV-UjUcSUPYY4JfIAOYttE-kHy1IvyD4xe3Ajz6ryT9OfHTMIZMS34,"Prose daftar susah , erorr ketika verifikasi wajah",1,0,2.2.0,2024-12-06 03:11:07,,,2.2.0
2d9607a6-6103-4741-8ee2-4ef39eb691ec,muhammad eko,https://play-lh.googleusercontent.com/a/ACg8ocLHPJmk9M1hw2VNgK4R63ZEEvLPDj-54_lqwe6-H8-tbWIAbQ=mo,gak bisa login apa masalah nya,1,1,2.0.6,2024-09-21 00:46:24,,,2.0.6
c60ad244-e45f-4583-a6c2-64229c031732,Eka Susilawati,https://play-lh.googleusercontent.com/a/ACg8ocI2SfJ1yCOlwMt-Xgwelxz9QedWuspQeiPSimy2Pi0y2T-aUg=mo,Mau daftar aplikasi susah banget oopps something wrong melulu tolong donk,1,6,2.0.3,2024-09-15 23:10:21,,,2.0.3
707d7e57-0d81-4588-80e2-8e4bbe0b7442,slamet riyanto,https://play-lh.googleusercontent.com/a/ACg8ocKMiWJGLkTxK07rAlAfNndI9tYlQqpw-3ybMWd580OKg9w80g=mo,Keren keren mantap mantap top top top,5,0,2.0.10,2024-10-21 06:55:05,,,2.0.10
9a692f07-63b6-44f6-b7ff-488d204d26f0,Alfariza ananda,https://play-lh.googleusercontent.com/a-/ALV-UjVKRysQr0mWXPNQrJW1meROOO2r65j2oTlW8-0ywVtXS84EQU9ogg,Dah berkali kali masuk tapi gagal registrasi.,1,2,2.0.6,2024-09-17 11:20:55,,,2.0.6
7bc830f0-fc8a-494f-a18a-90835ce127e1,Yusni Rakhman,https://play-lh.googleusercontent.com/a-/ALV-UjWvKMgv9I6cO_Yqbv5yL1n9KTITii48Q5PJDBauBmQlPVlfMqKr,"ga bisa daftar, rolong diperbaiki",1,0,2.0.10,2024-10-10 07:57:38,,,2.0.10
de49c2c4-0f80-4aa0-8a39-867527bef462,Jaka Setiawan,https://play-lh.googleusercontent.com/a-/ALV-UjXdEVKumhlP7S_HcZB-mSG67PRcGVT44Q_SD5Yf4p4nEFK2W1Qn,Saya daftar kok sulit ya.. ada tulisan something went wrong,1,2,,2024-09-15 14:21:39,,,
c29492f3-20ae-4804-856e-667ff430aabc,Wawan Pratama,https://play-lh.googleusercontent.com/a-/ALV-UjXzSu1-XpRz5bKLJfoUxJCFXcLhg-K9zn97alsb35Yj3632BpM,sudah download dan mau buat akun tp gak bisa terus,3,1,2.0.3,2024-09-16 11:26:10,,,2.0.3
e2c5b0ee-8bcc-41e3-8973-417cb5befb02,Dhimas R,https://play-lh.googleusercontent.com/a-/ALV-UjUc99y7XE0rqC_RtmOK6fIvxZc65TXiyqwN1MdAZuy9Zz-A99Y,otp kadaluarsa terus padahal sudah sesuai email,1,2,2.0.6,2024-09-19 07:21:57,,,2.0.6
4921fd06-db19-46aa-8986-5d5588b7b7cd,Dyah Radiani,https://play-lh.googleusercontent.com/a/ACg8ocJYBU4-tChlqCXbozsRNyeXnpWKzJt0ErrceHUs466ENGwg9w=mo,"Bagus, dan cepat",5,1,2.0.6,2024-09-18 03:12:55,,,2.0.6
c3c492ff-721b-4097-b0af-f199691b9c27,kadi supriyadi,https://play-lh.googleusercontent.com/a-/ALV-UjVWBG5kKMYWPNmiczZkxF3VqQe73YKKwyYaPWCcjdZPFOCimVXu,"Mau daftar saja susah, banyak erornya dan isi biometrik tgl lahir sudah benar dibilang salah üëéüèª",1,2,2.0.6,2024-09-18 03:45:19,,,2.0.6
fcc91341-ab9c-4401-9233-66989f77a19f,muhammad lathif,https://play-lh.googleusercontent.com/a-/ALV-UjXMh3cYVvaUUY2LMc6HMLCix7l7p5teEUm4JcpqbKSUHPChLnpj,"Buat akun doang susah banget, tulisannya something wrong mulu",1,2,,2024-09-16 15:44:46,,,
25a887b7-7002-414d-83c9-87ff0a7794a5,Hosbudi MR,https://play-lh.googleusercontent.com/a-/ALV-UjW5dhoKMoDWJf5ivk7bDvtxYttJUdnk0ckfrWzgcwIU0Lu5vKKl,Aplikasi ini sangat membantu utk mengetahui perkembangan Ibu Kota kita..,5,1,2.0.3,2024-09-15 21:46:27,,,2.0.3
b8215db7-19f3-4b3a-8a27-dc433d9e772f,Wayan Purniati,https://play-lh.googleusercontent.com/a/ACg8ocLsVkTK7FE4eXTlSTrvJrlm-_mR8WFO2LfQMNvMnBRMbbSMkQ=mo,Makasih sudah di bantu petugasnya bajk,5,0,2.2.1,2025-02-15 07:24:15,,,2.2.1
c3f27a88-634a-401a-b62a-265f2bc0a3d7,Siswo Pambudi,https://play-lh.googleusercontent.com/a/ACg8ocL1NWT-KZvk2Owc8wIWqnQ_dHdeWyPVGW7FPauooyJ1xptRYQ=mo,"Aplikasi pemerintah gak ada yg beres, g bisa digunakan",1,4,2.0.6,2024-09-16 11:06:01,,,2.0.6
979e5bc9-1bb5-45e2-aa74-846c0f8aed54,wiwik wijayanti,https://play-lh.googleusercontent.com/a-/ALV-UjVA27Uj-yaaRG6vmsadJKc2M2m4loaYQIqrXm6jxBlRuJ7J0x1W,Kenapa setiap registrasi pasti kode otp kadaluarsa...,2,1,2.0.8,2024-09-25 06:40:06,,,2.0.8
c2494435-bf7b-4445-a945-2e66231e93f6,El Pram,https://play-lh.googleusercontent.com/a-/ALV-UjXq24YX9wQhzRQCsZ4z8-s96nROkzYW8W5tTYU2sYnXhoYoIw4,Semoga saya beserta anak istri saya kelak bisa berkunjung kesana... Hampir setiap hari hanya bisa lihat IKN via youtube aja,5,2,2.0.3,2024-09-15 08:44:50,,,2.0.3
a7e871b4-dbcf-41e7-8e2a-2d4b7a4b80ad,Dimas Arif,https://play-lh.googleusercontent.com/a-/ALV-UjW4I0Fyz4ZzJjpaK9X7f3CeyS5QoMIUJcp1WwybqyfGRZvtrU3Q,"Selalu gagal daftar, saat verifikasi Foto",1,1,,2024-12-16 08:40:38,,,
099896b6-8ed1-4d5a-82de-99365ada4d2e,Abell Shop,https://play-lh.googleusercontent.com/a-/ALV-UjWuUvXmnm8B9H2LgwzkH2e8mb7kZsMt5o6ERw2dEGyG1Gu7Pik5,Alhamdulillah sudah bisa mendaftar di ikn ...terimakasih atas perhatian,5,0,2.0.10,2024-10-16 04:18:15,,,2.0.10
8e661e35-ff1b-4c97-8869-4354be4d177a,Bunga Wati,https://play-lh.googleusercontent.com/a-/ALV-UjVXnLXZx8XFu3miJ0BdNCN7HD1TlLcbNl5uX7Gz03DqNHrIUyM5,Petugasnya baik-baik,5,0,2.2.1,2025-02-15 07:18:07,,,2.2.1
35c32ef5-5e32-4658-844b-d5b71d3eb44b,Mr Rere,https://play-lh.googleusercontent.com/a-/ALV-UjUhl7ah2V67fPXl88-p91z6VRnHGGnlLILS03jRS42k3CMTmj0,"Mau daftar susah, udah benar tanggal lahir katanya tanggal lahir salah",1,2,2.0.6,2024-09-18 08:31:10,,,2.0.6
e8d65742-9426-4abf-8caf-b3c1f1e0dca2,fita afita,https://play-lh.googleusercontent.com/a/ACg8ocJGN4STSijEd14vG3ABlnz0fVfmroDODirBoYGfiDitmYXOCQ=mo,Verifikasi wajah ga bisa terus heran,1,0,2.2.0,2024-12-22 05:46:06,,,2.2.0
9adf2b50-5517-4699-b33c-be953a221d5b,agoeng widodo,https://play-lh.googleusercontent.com/a-/ALV-UjXcbFmDx8TcnpQQDg2BXfLiKDZpcZd2OL1MwmVkNVQBQqlq8JM,Mau registrasi saja gagal terus,3,0,,2024-09-15 15:06:54,,,
21111072-2769-4e26-acad-27afc5db64f7,RL,https://play-lh.googleusercontent.com/a-/ALV-UjUNoE8gjSGOh7xsv_JQthvysS2GlGVlXz2I-_vOVqzfZK6MN9XB,hasil karya anak bangsa is the best ikn terbaik,5,3,2.0.3,2024-09-14 04:05:46,,,2.0.3
f8d7de82-aa79-4e53-bd2b-32f400a533ff,RIDHO ALFARISHI,https://play-lh.googleusercontent.com/a-/ALV-UjUNig5KUj0SrBRbDu6OTgBDAXAljrg8JEciHDNyCVauooUL-kkc,Sangat bagus buat kunjungan masyarakat,5,0,2.0.10,2024-10-17 05:38:57,,,2.0.10
e39cfa85-dede-4705-97db-70cc26724483,Hey Ngoceh ID,https://play-lh.googleusercontent.com/a-/ALV-UjW5_wn26ZuouxCf4lsObRP_Z1XmBpvwjFtV74ZLhVos0ynM1NL9,Cacat ehhh masa daftar 3 kali SDH ga bsa2,1,3,2.0.6,2024-09-16 15:32:17,,,2.0.6
e3752a4b-8636-422c-a087-662a0d6d4f73,Yasman ARDI,https://play-lh.googleusercontent.com/a-/ALV-UjWx9tWbq6htaS2aenobuD5TP1NrdcVi850_EqTfZY_fYJ4j19uX,Tanggal pemesanan tidak bisa di klik,5,0,2.0.10,2024-10-12 09:27:48,,,2.0.10
47f45ad4-23ff-4e6c-8ab4-e9520474f91d,Rafin Widyastama,https://play-lh.googleusercontent.com/a-/ALV-UjXS5CWc_f4YX5oyf4Lvb1LekV6yHTKWxY8JzGjMbpg80CkpKZUS,"Aplikasi gaguna register aja susahnya minta ampun lagian buat apasih ke ikn doang kudu make beginian, ngabisin anggaran negara brp M buat develop aplikasi cacat begini, cuih.",1,1,2.0.7,2024-09-23 07:44:48,,,2.0.7
05cbdadb-def6-4f2c-8329-cf27634723c3,nafas dewa,https://play-lh.googleusercontent.com/a/ACg8ocIAGTn1yyCUs-gWTAEtwyuHIO_YKif-P-Kv3tcnEVaZC_kvyA=mo,"pasti habis milyaran bikin ni APK, APK macam j*mb*t, mau register pun susah betul",1,6,2.0.6,2024-09-17 03:45:50,,,2.0.6
ca2132c5-6c57-4128-9dab-b678f219a0c6,Riza Fadillah,https://play-lh.googleusercontent.com/a-/ALV-UjUSV9k0q_PdnZfPEAfANHEO0jQKCPeeZLpi1AUkOpZWCWPu3IM,Tidak bisa upload foto.,1,0,,2024-12-27 13:24:29,,,
cd2c0135-cb3d-4166-8cd0-c41a433cd151,Thata Oii,https://play-lh.googleusercontent.com/a/ACg8ocKAXrgZWLWQOCfmbZjx3aXxkOMzokJH7iNph1v7Vn-UliojGw=mo,Percobaan Gagal terus tolong dibantu,2,0,,2024-12-15 04:01:09,,,
13e1ba54-cba9-4fdd-a9d8-74dffa7b2ff8,"irsyad , aLdis , siregar .",https://play-lh.googleusercontent.com/a-/ALV-UjUZICLOmn093HxUPowu8oingZBrtkQypwKHBofnIxok9lcRHwyV,"bagus , apLikasi , nya .",5,0,,2024-12-28 14:52:04,,,
67b4e72a-1927-4edf-802a-cefd0a77cde6,Colombus Mr,https://play-lh.googleusercontent.com/a-/ALV-UjWk7UCnESheTMT72PGdyZkwOIPD1clvlAVanhPLlCJWj_WWpyWH,Sangat membantu kalau ingin berkunjung ke IKN,5,0,2.2.0,2024-12-10 22:33:35,,,2.2.0
5197836d-c6c7-42c5-99de-f2554b4190ea,Fuad Syafaat Muharram,https://play-lh.googleusercontent.com/a-/ALV-UjXEghAcd0Iu9LWs7jK70NJE0C-Tss16O636C2TpVPJCd3Z0rMWD,Bagus sangat aplikasinye,5,0,,2024-12-24 07:59:37,,,
478dc81f-a583-4e88-b7a0-839d24714a11,ZAINI FVNKY,https://play-lh.googleusercontent.com/a-/ALV-UjUjDBq5ajt4Xfk4ouCejGs_A14dBWhSEebuqy3Teq4q1UCShnmx,Saya mau daftar saya pencet register malah kembali keluarüòì,1,2,2.0.6,2024-09-16 10:18:13,,,2.0.6
a7d6ef68-4eaf-4841-9524-e0f937192799,Tino Suwito,https://play-lh.googleusercontent.com/a-/ALV-UjXOnF854h8dsgx5qwV2RlxOIidX0Gtd-ptJr0jksUtg3-3lHHM,"Mungkin untuk apk segini dulu nilai nya, susah buat regist akun baru",3,1,2.0.6,2024-09-16 10:04:51,,,2.0.6
9be08c65-84df-4975-9b09-4f8de7e86537,REALCH,https://play-lh.googleusercontent.com/a-/ALV-UjVNIzSWyR-t3sqxMPFZsIiNWU7mWuDoxxfcMacUFgTBqhBeX6N_,Gak bisa daftar. Gak jelas,1,2,2.0.6,2024-09-19 12:18:43,,,2.0.6
b60dc26a-db40-46c0-8746-224a2d8db491,Nirvana Radiohead,https://play-lh.googleusercontent.com/a-/ALV-UjUo7YO6jGBuRBcBa8RB4gXQcKXXbGLCHh89laifPvqoVobH-x4W4A,Bagus dan keren banget nih aplikasi,5,0,2.0.6,2024-09-21 03:20:03,,,2.0.6
cf9f4c70-91ed-428d-be41-79b18656b93c,Herman _bodyfit,https://play-lh.googleusercontent.com/a-/ALV-UjVD9SPtKKNeythuHN809Fq8Y1YUASIjiLeDrD9SSzv6buE9kMk,Verifikasi selalu gagal,1,0,,2024-09-19 11:30:03,,,
03522817-b9b1-45f5-b208-83b92d6a1d3f,sardi ansyah,https://play-lh.googleusercontent.com/a/ACg8ocLiqTtg9B7uaXLWwmDgwrKjoi21A1V6YhHldatZeErFuyPJKQ=mo,Gk bisa buat akun kode verifikasi selalu kalduwasa,1,3,2.0.6,2024-09-17 14:12:20,,,2.0.6
3445f290-c8e0-40e1-b69f-78dda9e3e1cb,Putut Herfrindo,https://play-lh.googleusercontent.com/a-/ALV-UjWnUdta3UebclwCOkw42a34vWBdKu8NixFxhOifgPdkxJ34lBr9,Ini sebernya knp kok g bisa daftar dari kemaren,1,0,2.0.10,2024-11-06 03:50:43,,,2.0.10
fcd2cadc-0411-4fb2-85b5-0cd3c6767e22,Rossa Diaz,https://play-lh.googleusercontent.com/a/ACg8ocJw8uu110MHknBDNfldLFavpAqQya7gSiooean5s2ZFrhuirA=mo,Sangat membantu buat warga kalimamtan utk visit ke IKN,5,0,2.0.6,2024-09-20 03:58:57,,,2.0.6
89752a99-7280-4308-a5ef-3f99f372065e,Ghuu,https://play-lh.googleusercontent.com/a-/ALV-UjXjoeH3IV74Ta9shyvV35xvrrC3B_qY-Y1_3Lxg3LNc-TLiATKT,UI nya bagusin lah,5,0,,2024-09-15 14:29:25,,,
fc1c21eb-a585-4968-9f22-88fccd233309,bangun sucita,https://play-lh.googleusercontent.com/a-/ALV-UjWP6hq2azNs0Ab6Gw28_4LiBYAdKAbJq1debSBnRMxWprcmv3bH,Sdh daftar blom bisa masuk min...,4,3,2.0.3,2024-09-15 07:05:45,,,2.0.3
dd763f65-4e0f-4196-87ec-1bc72054f42f,MIMY MIZJIDIAWATI,https://play-lh.googleusercontent.com/a-/ALV-UjVbjmKq9kCQBEEl8EfcqUp9CjTHUx2N2IR5yYmGmt37TOoFL7A,Wow Ikn sekarang sudah tambah bagus,5,4,1.0.5,2024-08-09 13:39:44,,,1.0.5
fe640e0c-93ff-4377-a06e-7290ef634930,sutarno sutardi,https://play-lh.googleusercontent.com/a/ACg8ocITisCzGmbBpFAPog-dDzOShsN2TxFPkPUOLUKpj1E4pt_1QaA=mo,Mantap ...semoga terwujud kota modern yg hijau ..green city,5,0,2.0.6,2024-09-19 09:51:44,,,2.0.6
102b92fa-914c-4c85-b698-05f531239acd,Dony Eko Prasetyo,https://play-lh.googleusercontent.com/a-/ALV-UjXHES8xhfDq92el_lvt0_Xo0ROOr3cqcdCVF7UCXjn6PPEoT14V,Belum bisa daftar,5,2,2.0.6,2024-09-17 01:57:49,,,2.0.6
033290cd-98db-4ba3-855a-9aee9830d807,Mr Yogirs,https://play-lh.googleusercontent.com/a-/ALV-UjVIIzFqG7yW8Q97uVJ0JytqX7JfaYRQuT3v_BYwvSUynN8TO-Ve,"Gak bisa register, kenapa ini",1,3,2.0.6,2024-09-16 05:56:31,,,2.0.6
bd98dc71-0352-4c76-80cb-69069d520420,Sarcasm,https://play-lh.googleusercontent.com/a-/ALV-UjXM0Zae9jmz5dA9koHJ1gu9FmJG2UgDjYyX4f2U1yyxMLiI0osQ,"OTP GAGAL, FERIFIKASI WAJAH JG GAGAL üóø",1,2,2.0.6,2024-09-18 17:30:07,,,2.0.6
5af6a046-af7e-417a-b204-21599f0098ab,Hanugrah Winarto,https://play-lh.googleusercontent.com/a-/ALV-UjXLn_UVEYQH7NJKUGPw8k-JUy2SLztoszqy4zkCG0MllnjzcNQ,Tidak bisa u/booking kunjungan....,1,1,2.0.10,2024-09-29 02:41:52,,,2.0.10
d29a8dee-4a0b-49f9-ae26-2ec494b7aa98,Sulistyo 1929,https://play-lh.googleusercontent.com/a-/ALV-UjXKNWMmnpGNzrnyN58CeEgMZlirmiHX1UwVpNgobM2yfag_K6Jslw,Registrasi akun masih buruk,1,1,,2024-09-15 14:31:48,,,
c8571a5e-6f22-4c34-9b81-d5874cb67ed6,ratex inter,https://play-lh.googleusercontent.com/a-/ALV-UjUHUcWJLN5nXKAZhj01Eq5UYzw7yt3J7qFZiT3_Urr_y_4_0fA,Bagus mempermudah akses IKN,5,0,2.0.10,2024-10-04 03:30:34,,,2.0.10
a96a67d5-656d-410a-9771-34c4f1ff5b4f,Angga Wicaksono,https://play-lh.googleusercontent.com/a/ACg8ocJT3dPFu1yINeRdDLdIjdXKY82oToBgxICdmklu396LO08K9w=mo,Kenapa tidak bisa register?,1,3,2.0.3,2024-09-16 00:27:28,,,2.0.3
59d90ed5-eb67-49c0-bf54-03d6f5c25fa1,Agus wakid romadlon,https://play-lh.googleusercontent.com/a-/ALV-UjXyeEKuYIwdFpXN39IVPc8vJ0LV--NLJPV-_zTfuN_oHKbpQz1clw,"Mantab, Sebagai warga Indonesia, Saya bangga dengan IKN NUSANTARA",5,0,2.0.10,2024-10-22 04:19:49,,,2.0.10
adeab804-fd4e-4940-a7c4-504c73bbc9b2,syukur manurung,https://play-lh.googleusercontent.com/a/ACg8ocL9LBtcV_5QdZVrQRPxxwXQopH0eM2zrcLJErq3yru5gie5qQ=mo,"gak jelas, membingungkan",1,1,2.0.8,2024-09-25 21:35:04,,,2.0.8
363e3de1-9232-46d8-877b-e51ff49f4540,Samarinda Keras,https://play-lh.googleusercontent.com/a-/ALV-UjUlNRR0NJEL-aEfCVzPioG9DCvpszKZwQllKKvG894rQnLv6ThEpg,Tiket gak bisa di pilih,1,2,2.0.6,2024-09-17 22:41:33,,,2.0.6
8c6d0df8-251a-4aaa-86a7-3d27dea2ce58,kiddd,https://play-lh.googleusercontent.com/a-/ALV-UjXrQFtTxpH6f05AYeArw86ytBbiVGA57YZmvZQbhNwOPFeu1FhAiQ,tolong perbaiki lagi,1,2,2.0.6,2024-09-20 07:45:47,,,2.0.6
17824362-4df4-426a-8555-ca1206627e46,Fitri khairun nisaq,https://play-lh.googleusercontent.com/a-/ALV-UjVkgtUphDmf4MNJXJi4oEt6ZBGS4V7y7wIN072s9JLBiliGGU3Q,nice üëç sy sdh bisa dftar,4,4,2.0.3,2024-09-18 05:26:59,,,2.0.3
3b8f3cfa-32ea-43d4-98cf-52b9e93e684a,Juwarno Joe,https://play-lh.googleusercontent.com/a-/ALV-UjUHHvzm2kGmwNeHO18UYVG7PIGFuP6I-MxWE2Wd0YvzJ2TuCM_C,Berat Aplikasinya,3,2,2.0.3,2024-09-15 12:09:30,,,2.0.3
e92a1447-2976-4bfa-a673-0394f1ad3876,imam subejoyo,https://play-lh.googleusercontent.com/a-/ALV-UjU4ydIrKJX0MW7y6HNMcAELt2pT_E_iTpLobAY6X7RdHGL8c0lxlw,Bismillahirohmanirrohim sukses terus indonesia ku ikn jaya,5,0,2.0.10,2024-10-16 05:01:04,,,2.0.10
d8036b9f-3c97-46af-9aea-7d01976338cb,bah channel123,https://play-lh.googleusercontent.com/a-/ALV-UjXxLb1-E0hAOBeXD1wES1nIbCoo8rydClG6U1xWh0jCHlWU-HVW,Payah buat sekelas aplikasi pemerintah,1,0,2.0.6,2024-10-14 23:03:20,,,2.0.6
eb5bc5f7-ceec-4554-b637-d5d3c62cdc48,Syahril gonda,https://play-lh.googleusercontent.com/a-/ALV-UjWlf5dgo9r2Vv8dC_aYsVwxU6iwdfgiDruVAPr5RQWql0v--wly,Semoga lancar,5,0,2.2.1,2025-03-16 08:51:14,,,2.2.1
ea091a78-eadf-4dff-a860-a4519a8e5094,KALAMAN MANABA SE,https://play-lh.googleusercontent.com/a-/ALV-UjVwL49wW79rCMiKEcG38gsww7ZsRSEwZx87eq_6LBS0OeI-SWzI,Sangat baik dan ok banget,5,0,2.0.8,2024-09-26 06:53:21,,,2.0.8
f3e5d5d4-6ca9-4bcd-97e2-c12634418cdd,Chup Saiyank,https://play-lh.googleusercontent.com/a-/ALV-UjXmYKE9T3_8id4RX2CqIQCpSBN1jq4DipoaHO8D8yMfd_flOHA,Sangat jauh dari pemikiran,1,10,1.0.2,2024-05-30 07:40:09,,,1.0.2
8af3ae57-aec8-454f-91d8-0b5245ac2c79,Athar 8907,https://play-lh.googleusercontent.com/a-/ALV-UjXM4LxsSf_4rFayfW8kvlVt9n0xXjnjQK6tfp_BWMtE8TJkK__S,gabisa regis kocak,1,4,2.0.6,2024-09-16 15:07:12,,,2.0.6
8a2f588f-825e-43ff-806a-feb3be5210aa,Mas Faiq Abdul Ghafur Amt Pmk 32,https://play-lh.googleusercontent.com/a/ACg8ocIW2xn2CkaHCJD2rQ1LNtNYJYh0WKRu5pRR5Q5UwKlBE73WAw=mo,Saya akan menggunakan aplikasi ini juga,5,1,2.0.6,2024-09-16 09:09:25,,,2.0.6
2f23d4e0-d202-419c-8a9d-399d468c51bf,Tri Hermawan,https://play-lh.googleusercontent.com/a/ACg8ocLc5a3zs5RFPTkLw961lZHWPnmZbcuhOkgny0AuXSlR_BhVkQ=mo,mantap banget ini,5,1,2.0.6,2024-09-17 06:23:57,,,2.0.6
fea239e0-c14a-41fe-a655-4de7b8a55d0f,Supriyono Supriyono,https://play-lh.googleusercontent.com/a-/ALV-UjUW7xlhFaPzJjC013_4TyU8RR2CwTa_pAJaU6PHj0hzo7Kip2yO,Tempat yang bagus,5,0,2.0.10,2024-10-13 03:03:18,,,2.0.10
b2dce6dc-da82-438f-9e29-d5481ac68191,agus sofian,https://play-lh.googleusercontent.com/a/ACg8ocKVUxt9tG9CtzowmsKSWIgzS8Kz4eqaL0CIiuJtf0LLBL1W=mo,Membantu pada saat berkunjung,5,0,2.0.7,2024-09-24 09:15:39,,,2.0.7
6a4a08b8-dd34-48ae-84ad-c08577676d48,Rita Saputri,https://play-lh.googleusercontent.com/a/ACg8ocKb5kcsEuvSPX5L9pBop4O4W_8_upxpKSC_OZDON1Udcf5Ujg=mo,Gak bisa register,2,1,2.0.6,2024-09-16 07:01:57,,,2.0.6
fad3dbbf-de19-4bca-a6df-502567206c0e,Sidratul Muntaha,https://play-lh.googleusercontent.com/a-/ALV-UjVRD6nset7dTNntJXEfZrLmOLyeBHnTQfnwrrrC6AICkHbgVDxE,Ga bisa dftr kunjungan,1,1,2.0.10,2024-09-29 13:57:22,,,2.0.10
f7066f17-2f08-41c4-936e-feb02d39b302,Saut Timbul Siahaan,https://play-lh.googleusercontent.com/a-/ALV-UjX_0BsUbvTtcEQvb7sbjI1fSLmU2Vx9MeQWE3T_veBttLitRJT4aw,"IKN, KEREEN.. SALAM DARI KOTA MEDAN",5,1,2.0.0,2024-08-17 12:13:27,,,2.0.0
5bf7fdab-64b5-468f-be01-08aa57811035,Zailani Maseri,https://play-lh.googleusercontent.com/a-/ALV-UjX5MQ6Mgz7wcKI7gcMqevMa6tdlIGUI5WRbmnbJn7k4ilGJ_GfW,Orang Kalimantan wajib punya aplikasi ini.,5,0,,2025-01-04 04:25:06,,,
c19ecb98-336a-440b-8678-8a617211c3cc,Luke Man,https://play-lh.googleusercontent.com/a-/ALV-UjXN9-MbVfvA7PVLdUSQ212o7Bsp6YbdgNO-t5jhiADHskuYPHM1,mantap moga IKN makin maju,5,1,2.0.3,2024-09-11 07:59:29,,,2.0.3
f5b8184c-0c4f-4ccb-8dd2-901b492daba7,Aysa Nurhaliza,https://play-lh.googleusercontent.com/a-/ALV-UjVfVwBb9WTAe3Zi1SLDI6KaPhHOcGE27Or5lW3FG0qEbqECBvN6,membantu untuk ke IKN,5,0,2.0.10,2024-09-30 09:22:08,,,2.0.10
04da0b21-73ce-4053-8516-a2457aa9f949,Bahruddin Fauzy,https://play-lh.googleusercontent.com/a-/ALV-UjWlMr1IDzpHbfZAo0q6fzJisdho-0bRUPTPsJdaB7pvmao9Qe6C,Semoga sukses selalu... amiin,5,1,2.0.6,2024-09-18 01:53:58,,,2.0.6
ae616c6c-6967-4d89-9464-30c07c304fde,Ginanjar Yb0gin,https://play-lh.googleusercontent.com/a-/ALV-UjXKjygt6YboLFq4M35VFJBRk-VwGvNcUh3-EH8AbhLxtrRfWUv0NA,Semoga Bisa Berkunjung Ke IKN,5,0,,2025-02-06 01:32:08,,,
2758dbff-4b49-4270-83b1-d50eefdf2fa2,EAY Official,https://play-lh.googleusercontent.com/a-/ALV-UjVhWEjY_m-1c1GSw0F-0fStwaZ92v69qk_U_pbj6mdO1dZVAHYZ,terima kasih pak Jokowi,5,0,2.0.3,2024-09-14 01:10:09,,,2.0.3
5a8a5324-eef1-4aa5-8003-d1c96bc1a192,Lamauti Mauti,https://play-lh.googleusercontent.com/a/ACg8ocKge36fH-KZ2Y0AoVIZ0LKSjLyqogNV0IcWw-Mvx_lbl93AIQ=mo,Ikn semakin maju,5,0,2.0.3,2024-09-15 14:51:38,,,2.0.3
fe60bfde-0ddd-4d41-8423-b823df92b555,Gut Gunawan,https://play-lh.googleusercontent.com/a-/ALV-UjV8mhX4hcmwONlwP7g6n69_KTs5TsecZIlUFzOvbXKHI1DjTtw,Kerennn.. iKnow... Yukk gaess ke IKN,5,0,2.0.6,2024-09-18 03:36:13,,,2.0.6
1ad80fe1-e0a2-440d-968b-f9f5bc0f7578,Assassin Gaming,https://play-lh.googleusercontent.com/a-/ALV-UjV1aSJ_i8mFvi5xG_HEMITW-ygaai1Vq18GJBelH7-yUYzb1YY0,Keren IKN Nusantara,5,0,2.0.6,2024-09-18 02:33:16,,,2.0.6
53fea512-3fc9-4f29-9f13-fda589c934b3,gatot priyono,https://play-lh.googleusercontent.com/a-/ALV-UjU_ySuGKtRoj-t3Vu9cqXcL28OpZ1HfV_c-YnDTgdEMBkDb9C6HYQ,TERIMAKASIH Pak JOKOWI ‚ù§Ô∏è,5,0,2.0.6,2024-09-17 13:22:42,,,2.0.6
da61ef79-4e8f-410e-9bb6-17dc8a889bf0,Natanael Marbun,https://play-lh.googleusercontent.com/a-/ALV-UjUc1MYZZZk8oMtbFTBevP-AVaSlB6r7-A2L_7vVE5Pn22X5LcaS,17 Agustus 1945,5,1,2.0.0,2024-08-17 03:05:18,,,2.0.0
5a33bd18-d937-41ee-84b9-9fd4192b4334,Fillsa,https://play-lh.googleusercontent.com/a/ACg8ocJC_DLNl1lObEA18TVIvL6LM0RezGyTm6ChQgpFr0HQyneFLg=mo,Keren!!! Mantapü§ô,1,0,2.2.1,2025-01-13 03:05:37,,,2.2.1
ba75201f-f88b-493e-a937-4f7a8ef6ebfc,Mohammad Nurcahyadi,https://play-lh.googleusercontent.com/a-/ALV-UjXX2y1cAQ4Jx3LkQYya6DzQJj73k9y4p38GphRIvYxlTYWjd0H-3g,"helpfull apps, good info",5,0,2.2.1,2025-05-18 03:31:56,,,2.2.1
fded6bce-0279-4fb6-86a0-4c9427f9bce7,Djetli Marishanno Litaay,https://play-lh.googleusercontent.com/a-/ALV-UjU1dsHMKxT7TgNdzT4LHkVYwI803I3FBS-ShO7aKmeSh7W6NvI,Error 400,1,0,2.2.1,2024-12-28 12:06:47,,,2.2.1
494c3c6a-0c95-4334-bba8-e780864611d6,Sanggau siuss Siuss,https://play-lh.googleusercontent.com/a/ACg8ocI9IIgnPHKx8DQ23UlkspqLOrg820eRbEPcXIaIf1F6i5PAUA=mo,Mantap,5,0,2.2.1,2025-02-02 16:47:30,,,2.2.1
0c12a4bd-13ba-40a9-9164-118a76b8ab33,Edi Susantono,https://play-lh.googleusercontent.com/a-/ALV-UjX6nZnhMJOhwVAEaYUJvzriX91EP6SlIVBfRcoAX23pT1eiTnyT,Siap,5,0,2.2.1,2025-04-10 05:17:57,,,2.2.1
fd27646c-0f9e-49b2-8a1c-3971ec8609ee,Akhmad Rifangi,https://play-lh.googleusercontent.com/a-/ALV-UjXfP33MC2KDZJwiGXZaVP0iKhct7pfEdcS6emXMpxUFFLbdq1A,top,5,0,2.2.1,2025-05-28 02:16:33,,,2.2.1
61fc21c7-d67a-41a0-bf0d-3e6449301ebc,Luat M,https://play-lh.googleusercontent.com/a-/ALV-UjWCBSyJqa38c3t4_BvZy7KaslSyG2Gj_QgfACL6AzyJVZmPCw-y,Mantap,5,0,2.2.1,2025-01-24 03:43:26,,,2.2.1
20902fef-1a02-4e2d-bbdd-8e74223f68d3,Denny Aqila,https://play-lh.googleusercontent.com/a-/ALV-UjVo6Mm45KHrHG5w_YfqUdi9u32zVjaZAoJwzSxDhuR5lHCOENfX,Bagus Aja,5,0,2.2.1,2025-04-11 03:27:28,,,2.2.1
8faa4bf1-b524-4dd9-809a-5abcea1d532b,PPT Mangku awat (OZHAN 90),https://play-lh.googleusercontent.com/a-/ALV-UjXxOrtXyh9RxKGaMgBUk8bwwqfxvY_aw8eNwoTuTCPgqOXTMTiu,oke bagus,5,0,2.2.1,2025-05-05 00:28:20,,,2.2.1
3c1a2fab-8b9e-4bb5-abd9-056059907abb,Jouke Mogot,https://play-lh.googleusercontent.com/a-/ALV-UjXWHvz5aNcFsg-lKTkzQN_rOpn_WCGBRKvfpxf1fV63UJ0OWHZ3,Sangat Baik,5,0,2.2.1,2025-01-05 14:19:11,,,2.2.1
260c6d84-f96e-41c5-a1f6-2f153f11e8b3,yanuar_ryan '94,https://play-lh.googleusercontent.com/a-/ALV-UjXpsckaewVwC-imzVIKAU-XvGdtNjt3Swi7e4aLEOt232QKXzFf,Good apk,5,0,2.2.1,2025-01-04 07:05:51,,,2.2.1
967b808a-3419-4bfe-8a46-632f4609f02f,Benny Nathanael,https://play-lh.googleusercontent.com/a-/ALV-UjX2K8RSxNS9O4vD_VCeEx1fRCfeqqb_aZVzo6sfq56XMJ3b3gxO,Super App. Thanks.,5,0,2.0.10,2024-12-01 01:34:50,,,2.0.10
5747b0d1-8e29-40f4-a9cb-4f414d802dd5,Aisyah.,https://play-lh.googleusercontent.com/a-/ALV-UjVV4155ZARtGAmmJVIseiYiYvtDICE0g3g0bg6XT8I-0zjB1Vtd,good üëç,4,0,2.0.10,2024-11-05 07:20:24,,,2.0.10
8cb56938-7d39-47e9-a5d1-1d68fb674992,Erna Hoar,https://play-lh.googleusercontent.com/a/ACg8ocJpKYmRyVHoFo_P9uM6xgawvAHWM2HMc_4OK8ViF0lJoIdWZg=mo,Sangat¬≤ indah,5,0,2.0.10,2024-10-04 04:47:30,,,2.0.10
49fd87bf-7914-4e19-9d03-989ec59ec92d,Alarick Rangga Ramadan Rahman,https://play-lh.googleusercontent.com/a-/ALV-UjUr1sehVY0md87a2KZmeDDE5Z-w6B_nBvbPoCcPANoDtKBGv_A,Tidak jelas,1,0,2.0.10,2024-10-11 13:04:57,,,2.0.10
a0b9ca50-478e-467c-83c5-63da81270890,Sams Assamah,https://play-lh.googleusercontent.com/a-/ALV-UjUwZoGygWilSE-HA8qw608Rh909TI-MVVsfAz0VaUT1PLuMLtz9,Ok,5,0,2.0.10,2024-10-08 03:48:46,,,2.0.10
00a41d25-70c6-49ba-8295-7132ccc6a703,Qinnan Nadhira,https://play-lh.googleusercontent.com/a-/ALV-UjUoc6T6KC80ejfWvG-vFvr3gQOJNQ-sLQuzxCMc1X2CLajZDtmL,Bagus,5,0,2.0.10,2024-11-01 05:42:17,,,2.0.10
c707933d-d43c-4da9-80b0-c79a6f8d3bca,parman doank,https://play-lh.googleusercontent.com/a/ACg8ocJSFTb7-YWSJa3BGYZnCMojNBFhpXI-noo7laDKLRSWM85iTw=mo,Bagus,5,0,2.0.10,2024-10-13 06:43:15,,,2.0.10
291a0b96-e5b5-4cb4-910d-cf686660f3ff,SIDIQ NJASEM,https://play-lh.googleusercontent.com/a-/ALV-UjWpaBghJyvBDCJZ2MaD3hcgBmv38Zk82s54L_TkUa0UyuF0gfKN,Mantap,5,0,2.0.10,2024-09-27 05:23:43,,,2.0.10
88e416dc-543e-4e0d-9829-724636a25ee5,Afrizal Caniago,https://play-lh.googleusercontent.com/a/ACg8ocKANkyiYTK35nWzIH9CmOJpf5R_KmJhrtdmoqlauoq_h-KPvQ=mo,Good,5,0,2.0.10,2024-11-08 13:32:24,,,2.0.10
5aa9b026-1534-4169-81be-96ee3df020a0,Rudy Gatoloco,https://play-lh.googleusercontent.com/a-/ALV-UjW8B426hBLhPkHq_S-NqtOE8UKn38-bCtEF52lp3VwbvQvKODN3dg,Bagus,5,0,2.0.10,2024-11-12 22:08:35,,,2.0.10
29593f2e-9025-4325-bf3e-1631d2db8bfd,Sugito Bin Suciatmono,https://play-lh.googleusercontent.com/a/ACg8ocI2VuqPmFNk9Cw-0YuV1qJqRtW6P2w2-cnHXrUDDfxJ4P_KGg=mo,Aplikasi bagus,5,0,2.0.10,2024-10-12 05:09:58,,,2.0.10
0eb4668f-a88d-45ed-9330-2be8d50e3a87,SYAIFUL CHANEL,https://play-lh.googleusercontent.com/a-/ALV-UjVhWjf-VbO3wK7vmhZijQ04qXiPnCSe6hbELDT0JMBHzxlFsDwq,IKN kerennnn,5,0,2.0.10,2024-10-12 18:01:46,,,2.0.10
cbd09dd5-4707-4ce1-9ff9-f210bb2431d5,Muhammad Muhammad,https://play-lh.googleusercontent.com/a-/ALV-UjXnRg66s31KPZq0mo1HBAcLbIFhH6adY391N0k26O-fW9nFKKnMzg,"Siip, ok",5,0,2.0.8,2024-09-26 12:12:05,,,2.0.8
0bba1804-173a-4506-ae88-a4be1e469794,Muhammad Mahdi,https://play-lh.googleusercontent.com/a-/ALV-UjVFrlehw-SYjdd5-tnw1g4xR6wTt7EoEHtWUoU2zu9qHPYwjYSe,ikn nusantara,5,0,2.0.7,2024-09-25 02:58:47,,,2.0.7
5ea6f710-14a0-4a36-9e05-4774fc2232aa,rozak jamu,https://play-lh.googleusercontent.com/a-/ALV-UjUFRmZ9QfMvEMowKL7Sr6ql60FIZtWc_qBEJDOEpgNwnECNuHmK,Aplikasi ngising error,1,3,2.0.6,2024-09-16 16:46:27,,,2.0.6
4e5800c1-7878-4b08-8370-52be12d93acf,Syukron Deden,https://play-lh.googleusercontent.com/a-/ALV-UjVPhYFuRjtxUV5k3TsJvBspn-0otDr81jJRPGRIFzsowIQFh2A,Good,5,0,2.0.6,2024-09-20 23:31:37,,,2.0.6
dc2da541-849f-454f-8f68-98d74a5f7026,Ellen Ida Madjid SEMBUNG (ELLEN),https://play-lh.googleusercontent.com/a-/ALV-UjV3qakcYr_QAt4wTh1OcD7uOL_IQhWLhHZdA-BWKUyw7DphQM3W,I love IKN,5,0,2.0.6,2024-09-19 00:28:29,,,2.0.6
087ab2a6-cb76-4857-a179-2e5d7da58846,budi 09,https://play-lh.googleusercontent.com/a/ACg8ocK4aZyNnOTG2sziNkW2njk8lpO9EHdukRqE2HigpE_waPf8SA=mo,Sangat bagus,5,0,2.0.6,2024-09-17 12:59:36,,,2.0.6
04182be6-7706-485f-b7e3-2c0dd33d51ae,Deni Rlb,https://play-lh.googleusercontent.com/a-/ALV-UjVdGhsVKpdT5XP6CnzuvpWH6G2d2saQlwmqgZAJRSd_DGcf1t9H,Ok,4,0,2.0.3,2024-09-15 12:41:02,,,2.0.3
f7e6c708-26af-4995-bb24-3d16c55d4c8d,Jasmine Toko,https://play-lh.googleusercontent.com/a-/ALV-UjXSXJeSSK0Rl9efRnGe-PEctDg7gDpcHfJowMdnpfftEqe6fxH4,masih banyak bug bos,5,1,2.0.3,2024-09-15 13:46:30,,,2.0.3
59067b11-fff3-4ce3-8157-886844b7ddb4,Moddy Sondakh,https://play-lh.googleusercontent.com/a/ACg8ocItNcoAi3xPZw-cz_7DAhb5prIGYSQWwy4frUrrN2BAv8zV_w=mo,üëçüëçüí™üí™üëãüëã,5,0,2.0.3,2024-09-14 06:15:17,,,2.0.3
dc101fa3-70cf-4380-87f2-3c7c613e7c45,Mohamad Shobirin,https://play-lh.googleusercontent.com/a-/ALV-UjWnl_qXlP6DC0LFR96JEVu-gb25KqKnCUXwn7v4bqx2-XeZQUU,Ok,5,0,2.0.3,2024-09-11 14:03:26,,,2.0.3
79f7dbd6-81b4-45e3-bd33-d3cdf6cddf45,Juliah Jul,https://play-lh.googleusercontent.com/a-/ALV-UjXzGm2Jplo8rXpFr5v4_YNKrYlC3w0fBNQJonLuvh7KWcPSMrg,Keren,5,0,2.0.3,2024-09-18 03:35:38,,,2.0.3
d1f3359b-1dbf-4fd4-8bec-d7dfcaa66cd6,Bun Ser,https://play-lh.googleusercontent.com/a-/ALV-UjXAsvX9gWXN35oMqb9ITyVPfV6iQ0M21b1qHogbCSJAqV6NoSSh,Mantap,5,0,2.0.3,2024-09-15 01:21:14,,,2.0.3
420c65f2-5700-411d-8bd3-7040a9eebfed,arbaidi mas ar,https://play-lh.googleusercontent.com/a-/ALV-UjXjKlySPOI-5eJ5CrSlp-QmAzY7XQ3V59GYc8cu68wvwowDzX6-,sangat baik,5,0,2.0.3,2024-09-15 04:16:07,,,2.0.3
b4025dbb-db4b-4800-8f83-20abae7c86ef,supriadi supriadi,https://play-lh.googleusercontent.com/a-/ALV-UjVGgvIuhKF8_uxYb3JOp53ObjtqFCXb2AuGHMX4IOhu4L6KAG9n,Keren,5,1,2.0.0,2024-08-15 14:40:26,,,2.0.0
f29ccf0c-ffb3-4d2a-a695-1316b1306dd2,Ary wulandari,https://play-lh.googleusercontent.com/a/ACg8ocI3YRbt2FRPZ25cgUggvycg1f7EI6LY5emxNRdjOgVXSYwDTQ=mo,"Registrasinya sudah cepat, gak ribet",5,0,,2024-09-22 01:56:34,,,
902c1689-8a73-44c3-83dd-0ec266357975,Kurmin Suprapto,https://play-lh.googleusercontent.com/a/ACg8ocI1jCnYMIO0KDb60tckVM3MkQKsO9NRAgmN0arD48S_BoKOeQ=mo,"Aplikasi bermanfaat, lhamdulillah bisa masuk ikn trims",5,0,,2024-09-22 01:42:05,,,
ce19cce2-b479-4580-b163-8ad71318c712,Muhammad Arbain,https://play-lh.googleusercontent.com/a/ACg8ocKuCrLW8bno4WqpPap72iI0ij2CUJYDgDpHohZ0clmG5zie_w=mo,"Mantap aplikasinya, BS bantu msk ikn",5,1,,2024-09-22 01:50:13,,,
628b7503-680f-4ca1-832d-797ae2a0d7f2,Alexander Moningka,https://play-lh.googleusercontent.com/a-/ALV-UjVFiXouOnIdVXB_Enxkxawt0pjui18u4NNfou8UGvmm8Drq87VT,Jelek,1,0,,2024-10-05 05:14:43,,,
5dab9a77-eb00-440f-9e23-ba5fb0740a2b,thomas faot,https://play-lh.googleusercontent.com/a-/ALV-UjUlJItRMmSru7iveWZK_Q5kBLrl_t-E7EGuhSg261XGdnxFHUTQ,Bagus,5,0,,2025-01-31 12:04:17,,,
